title,link,price,booking_date,star,cities,source
桃園青埔｜Xpark 都會型水生公園門票,https://www.kkday.com/zh-tw/product/101517,550,20220306,4.37,"[{'id': 'A01-001-00008', 'name': '桃園'}]",KKday
2022櫻花祭優惠78折起｜南投九族文化村門票｜贈日月潭纜車票,https://www.kkday.com/zh-tw/product/18440,750,20220307,4.8,"[{'id': 'A01-001-00012', 'name': '南投'}]",KKday
【獨家優惠83折】台南學甲｜頑皮世界野生動物園｜獨家長頸鹿手繪門票,https://www.kkday.com/zh-tw/product/100025,400,20220306,4.7,"[{'id': 'A01-001-00003', 'name': '台南'}]",KKday
【獨家開賣 】台灣墾丁 | 2022 台灣祭特別企劃 | 一元即抽專屬周邊＆五星飯店住房含接駁專案＆KKday高鐵假期,https://www.kkday.com/zh-tw/product/126869,1,20220311,0,"[{'id': 'A01-001-00016', 'name': '墾丁'}, {'id': 'A01-001-00001', 'name': '台北'}]",KKday
【買一送一】台灣嘉義｜阿里山國家森林遊樂區門票｜平假日均可使用（本國籍限定）,https://www.kkday.com/zh-tw/product/100459,200,20220307,4.92,"[{'id': 'A01-001-00014', 'name': '嘉義'}]",KKday
優惠94折｜屏東海生館門票,https://www.kkday.com/zh-tw/product/9468,250,20220306,4.8,"[{'id': 'A01-001-00016', 'name': '墾丁'}, {'id': 'A01-001-00015', 'name': '屏東'}]",KKday
【限時84折優惠】花蓮遠雄海洋公園電子門票,https://www.kkday.com/zh-tw/product/107922,780,20220306,4.82,"[{'id': 'A01-001-00005', 'name': '花蓮'}]",KKday
【即買即用】台北士林｜兒童新樂園一日樂Fun券（無限暢玩13項指定設施）,https://www.kkday.com/zh-tw/product/34133,188,20220306,4.81,"[{'id': 'A01-001-00001', 'name': '台北'}]",KKday
【買一送一】台灣宜蘭｜太平山國家森林遊樂區門票 ｜平假日均可使用,https://www.kkday.com/zh-tw/product/100467,150,20220307,4.92,"[{'id': 'A01-001-00017', 'name': '宜蘭'}]",KKday
【即買即用】台北｜瘋癲．夢境．神曲─天才達利特展門票,https://www.kkday.com/zh-tw/product/118414,350,20220306,4.68,"[{'id': 'A01-001-00001', 'name': '台北'}]",KKday
【2022澎湖花火節】早鳥 8 折｜澎湖｜2022 澎湖國際海上花火節花火船｜遊船海上・島上賞煙火秀,https://www.kkday.com/zh-tw/product/21721,280,20220428,4.56,"[{'id': 'A01-001-00019', 'name': '澎湖'}]",KKday
【95 折優惠】台南十鼓仁糖文創園區｜遊園票・星光票（即買即用）,https://www.kkday.com/zh-tw/product/21264,250,20220306,4.68,"[{'id': 'A01-001-00003', 'name': '台南'}]",KKday
"KKday獨家限時優惠｜桃園楊梅埔心牧場｜雙人優惠套票組（水豚萌饅頭野餐組, 特製點心）",https://www.kkday.com/zh-tw/product/104417,599,20220306,4.65,"[{'id': 'A01-001-00008', 'name': '桃園'}]",KKday
【即買即用】台北展覽 | Pingu企鵝家族的誕生: 40 週年巡迴特展門票,https://www.kkday.com/zh-tw/product/123992,350,20220306,4.83,"[{'id': 'A01-001-00001', 'name': '台北'}]",KKday
【228連假優惠】即買即用｜桃園｜小人國主題樂園門票 戶外必玩景點,https://www.kkday.com/zh-tw/product/27980,500,20220307,4.72,"[{'id': 'A01-001-00001', 'name': '台北'}, {'id': 'A01-001-00008', 'name': '桃園'}]",KKday
【復刻・傳藝九折優惠】台灣宜蘭｜國立傳統藝術中心｜門票、遊程體驗,https://www.kkday.com/zh-tw/product/24308,135,20220306,4.84,"[{'id': 'A01-001-00017', 'name': '宜蘭'}]",KKday
台灣嘉義｜太平雲梯門票,https://www.kkday.com/zh-tw/product/102359,95,20220306,4.83,"[{'id': 'A01-001-00014', 'name': '嘉義'}]",KKday
【限時 69 折起】新竹六福村主題樂園門票 Leofoo Village｜夢幻版波波草花園派對,https://www.kkday.com/zh-tw/product/6370,599,20220306,4.64,"[{'id': 'A01-001-00009', 'name': '新竹'}]",KKday
【84折優惠】台北展覽｜小小兵：神偷奶爸大視界特展門票,https://www.kkday.com/zh-tw/product/124241,159,20220306,4.87,"[{'id': 'A01-001-00001', 'name': '台北'}]",KKday
劍湖山世界主題樂園門票,https://www.kkday.com/zh-tw/product/26632,450,20220306,4.72,"[{'id': 'A01-001-00013', 'name': '雲林'}]",KKday
【限時6折優惠】新竹小叮噹科學主題樂園｜入場門票＆餐飲抵用券,https://www.kkday.com/zh-tw/product/101848,299,20220306,4.72,"[{'id': 'A01-001-00009', 'name': '新竹'}]",KKday
【獨家91折優惠】台中｜HiONE啵比星球＆勇闖侏儸紀門票｜亞洲最大寵物友善空間＆親子樂園,https://www.kkday.com/zh-tw/product/126024,450,20220306,4.41,"[{'id': 'A01-001-00002', 'name': '台中'}]",KKday
【台灣最大動物園】台北市立木柵動物園門票,https://www.kkday.com/zh-tw/product/37596,60,20220306,4.82,"[{'id': 'A01-001-00001', 'name': '台北'}]",KKday
【74折優惠】小王子的藝想世界75週年特展｜限定公仔．帆布袋套票,https://www.kkday.com/zh-tw/product/123126,350,20220306,4.62,"[{'id': 'A01-001-00001', 'name': '台北'}]",KKday
春遊 69 折起｜台中麗寶樂園門票・天空之夢摩天輪門票,https://www.kkday.com/zh-tw/product/19796,500,20220306,4.63,"[{'id': 'A01-001-00002', 'name': '台中'}]",KKday
【限時 5 折優惠】台北 101 觀景台門票,https://www.kkday.com/zh-tw/product/8332-taipei-101-observatory-ticket,250,20220306,4.59,"[{'id': 'A01-001-00001', 'name': '台北'}]",KKday
2022櫻花季｜南投奧萬大國家森林遊樂區門票｜買一送一優惠,https://www.kkday.com/zh-tw/product/100569,150,20220307,4.88,"[{'id': 'A01-001-00012', 'name': '南投'}]",KKday
【限時75折優惠】台灣台南｜走馬瀨農場入園門票（即買即用）,https://www.kkday.com/zh-tw/product/116709,120,20220306,4.4,"[{'id': 'A01-001-00003', 'name': '台南'}]",KKday
台南奇美博物館 CHIMEI Museum 常設展｜《蒂姆・沃克：美妙事物》特展門票,https://www.kkday.com/zh-tw/product/24598,200,20220306,4.88,"[{'id': 'A01-001-00003', 'name': '台南'}]",KKday
【KKday獨家：59折優惠】台北｜超人力霸王親子足球保衛戰 ｜活動套票,https://www.kkday.com/zh-tw/product/125009,290,20220306,4.21,"[{'id': 'A01-001-00001', 'name': '台北'}]",KKday
【買一送一】台灣桃園｜東眼山國家森林遊樂區門票｜平假日均可使用,https://www.kkday.com/zh-tw/product/100557,80,20220307,4.91,"[{'id': 'A01-001-00008', 'name': '桃園'}]",KKday
【高鐵票 75 折優惠】高鐵國旅聯票來回車票＆桃園 Xpark 都會型水生公園門票,https://www.kkday.com/zh-tw/product/116970,740,20220307,4.83,"[{'id': 'A01-001-00008', 'name': '桃園'}]",KKday
KKday專屬優惠｜台中福壽山農場入園門票,https://www.kkday.com/zh-tw/product/116885,70,20220306,4.72,"[{'id': 'A01-001-00002', 'name': '台中'}]",KKday
屏東恆春｜鹿境梅花鹿生態園區門票｜墾丁小奈良,https://www.kkday.com/zh-tw/product/2125,185,20220307,4.67,"[{'id': 'A01-001-00015', 'name': '屏東'}]",KKday
【 7 折優惠】台北｜大直美麗華摩天輪門票（即買即用）,https://www.kkday.com/zh-tw/product/26672,135,20220306,4.81,"[{'id': 'A01-001-00001', 'name': '台北'}]",KKday
【8折優惠】基隆野柳｜野柳海洋世界門票｜北海岸親子景點,https://www.kkday.com/zh-tw/product/105284,360,20220307,4.64,"[{'id': 'A01-001-00026', 'name': '基隆'}, {'id': 'A01-001-00006', 'name': '新北市'}]",KKday
台中三井 Outlet｜SNOWTOWN 雪樂地門票,https://www.kkday.com/zh-tw/product/104200,320,20220306,4.44,"[{'id': 'A01-001-00002', 'name': '台中'}]",KKday
【買一送一】台灣台中｜八仙山國家森林遊樂區門票｜平假日均可使用,https://www.kkday.com/zh-tw/product/100566,100,20220307,4.77,"[{'id': 'A01-001-00002', 'name': '台中'}]",KKday
【買一送一】新北三峽｜滿月圓國家森林遊樂區門票｜平假日均可使用,https://www.kkday.com/zh-tw/product/100554,80,20220307,4.88,"[{'id': 'A01-001-00006', 'name': '新北市'}]",KKday
【限時3折優惠】全台適用：騎士堡好品格兒童樂學券｜室內必玩樂園,https://www.kkday.com/zh-tw/product/101944,250,20220306,4.59,"[{'id': 'A01-001-00001', 'name': '台北'}, {'id': 'A01-001-00004', 'name': '高雄'}, {'id': 'A01-001-00008', 'name': '桃園'}, {'id': 'A01-001-00009', 'name': '新竹'}]",KKday
【2022澎湖花火節】海上遊船賞煙火 |  重光碼頭出發,https://www.kkday.com/zh-tw/product/102229,280,20220428,4.71,"[{'id': 'A01-001-00019', 'name': '澎湖'}]",KKday
【KKday 5折優惠】台中大里｜異想新樂園門票｜室內必玩樂園,https://www.kkday.com/zh-tw/product/115161,449,20220306,4.55,"[{'id': 'A01-001-00002', 'name': '台中'}]",KKday
【95折優惠】苗栗尚順育樂世界門票｜室內必玩樂園,https://www.kkday.com/zh-tw/product/27174,430,20220306,4.56,"[{'id': 'A01-001-00010', 'name': '苗栗'}]",KKday
【9折優惠】南投埔里｜Cona's 妮娜巧克力夢想城堡門票（即買即用）,https://www.kkday.com/zh-tw/product/101742,135,20220306,4.65,"[{'id': 'A01-001-00012', 'name': '南投'}]",KKday
【KKday限時75折】彰化永靖│成美文化園門票,https://www.kkday.com/zh-tw/product/119292,280,20220306,4.69,"[{'id': 'A01-001-00011', 'name': '彰化'}]",KKday
【買一送一】台灣台東｜知本國家森林遊樂區門票｜平假日均可使用,https://www.kkday.com/zh-tw/product/100565,80,20220306,4.84,"[{'id': 'A01-001-00018', 'name': '台東'}]",KKday
【基隆親子景點】國立海洋科技博物館｜主題館門票,https://www.kkday.com/zh-tw/product/39040,160,20220306,4.69,"[{'id': 'A01-001-00026', 'name': '基隆'}]",KKday
台灣花蓮｜新光兆豐休閒農場門票,https://www.kkday.com/zh-tw/product/118214,320,20220306,4.48,"[{'id': 'A01-001-00005', 'name': '花蓮'}]",KKday
【獨家44折】高雄｜夢境現實 Moondream Reality   MR劇院｜入場票券,https://www.kkday.com/zh-tw/product/126021,100,20220401,3.67,"[{'id': 'A01-001-00004', 'name': '高雄'}]",KKday
【85折優惠】彰化百果山探索樂園門票,https://www.kkday.com/zh-tw/product/116315,300,20220306,4.54,"[{'id': 'A01-001-00011', 'name': '彰化'}]",KKday
【買一送一】烏來｜內洞國家森林遊樂區門票,https://www.kkday.com/zh-tw/product/100475,65,20220307,4.88,"[{'id': 'A01-001-00006', 'name': '新北市'}]",KKday
【高鐵票 75 折優惠】高鐵國旅聯票單程車票＆桃園 Xpark 都會型水生公園門票,https://www.kkday.com/zh-tw/product/118924,645,20220307,4.73,"[{'id': 'A01-001-00008', 'name': '桃園'}]",KKday
線上優惠 67 折｜台中大坑紙箱王創意園區｜入園門票 & 主題套票 (含遊園小火車體驗券）,https://www.kkday.com/zh-tw/product/121622,200,20220306,4.71,"[{'id': 'A01-001-00002', 'name': '台中'}]",KKday
【台北當代藝術品】袖珍博物館電子門票,https://www.kkday.com/zh-tw/product/30573,140,20220306,4.78,"[{'id': 'A01-001-00001', 'name': '台北'}]",KKday
國人限定優惠43折｜國立故宮博物院門票｜快速換票入場,https://www.kkday.com/zh-tw/product/101875,150,20220306,4.85,"[{'id': 'A01-001-00001', 'name': '台北'}, {'id': 'A01-001-00014', 'name': '嘉義'}]",KKday
台北木柵｜臺北市立動物園門票＆貓空纜車來回車票,https://www.kkday.com/zh-tw/product/115080,230,20220307,4.77,"[{'id': 'A01-001-00001', 'name': '台北'}]",KKday
台灣台中｜聚奎居門票・旗袍租借・手作體驗課（法式香氛 / 膠彩岩繪 / 生態瓶DIY / 古蹟拍照教學）,https://www.kkday.com/zh-tw/product/119146,100,20220309,5,"[{'id': 'A01-001-00002', 'name': '台中'}]",KKday
KKday獨家優惠套票｜新竹綠世界生態農場入場門票（加贈化石先生贈禮）,https://www.kkday.com/zh-tw/product/101863,360,20220308,4.67,"[{'id': 'A01-001-00009', 'name': '新竹'}]",KKday
【KKday 獨家優惠套票】台北｜2022 Viva Glamping 第二屆國際露營展,https://www.kkday.com/zh-tw/product/105215,799,20220318,4.5,"[{'id': 'A01-001-00001', 'name': '台北'}]",KKday
KKday專屬優惠｜宜蘭宜農牧場門票＆動物互動體驗｜E-long goat farm,https://www.kkday.com/zh-tw/product/113949,160,20220306,4.78,"[{'id': 'A01-001-00017', 'name': '宜蘭'}]",KKday
【買一送一】台灣墾丁｜墾丁國家森林遊樂區門票,https://www.kkday.com/zh-tw/product/115240,100,20220306,4.91,"[{'id': 'A01-001-00016', 'name': '墾丁'}]",KKday
【饗樂輕旅行：限時 2 折】苗栗｜西湖渡假村｜平日雙人兩天一夜｜一泊三食 （須自行電話預約）,https://www.kkday.com/zh-tw/product/116824,3900,20220306,4.51,"[{'id': 'A01-001-00010', 'name': '苗栗'}]",KKday
台東布農部落休閒農場｜體驗套票,https://www.kkday.com/zh-tw/product/100041,240,20220306,4.75,"[{'id': 'A01-001-00018', 'name': '台東'}]",KKday
【 6 折優惠】臺南市美術館門票｜當期展覽・票價・營業時間（即買即用）,https://www.kkday.com/zh-tw/product/101730,120,20220306,4.82,"[{'id': 'A01-001-00003', 'name': '台南'}]",KKday
台灣嘉義｜三隻小豬觀光農場門票｜KKday 獨家優惠,https://www.kkday.com/zh-tw/product/116083,50,20220306,4.78,"[{'id': 'A01-001-00014', 'name': '嘉義'}]",KKday
六福村主題樂園門票＆接駁｜台北出發,https://www.kkday.com/zh-tw/product/27886,850,20220307,4.64,"[{'id': 'A01-001-00001', 'name': '台北'}, {'id': 'A01-001-00009', 'name': '新竹'}]",KKday
台灣烏來｜烏來台車單程乘車券｜平假日均可使用,https://www.kkday.com/zh-tw/product/100493,50,20220307,4.88,"[{'id': 'A01-001-00006', 'name': '新北市'}]",KKday
【獨家72折】2022櫻花季｜武陵農場門票,https://www.kkday.com/zh-tw/product/116890,115,20220306,4.84,"[{'id': 'A01-001-00002', 'name': '台中'}]",KKday
【買一送一】台灣台中｜大雪山國家森林遊樂區門票｜平假日均可使用,https://www.kkday.com/zh-tw/product/100561,150,20220307,4.9,"[{'id': 'A01-001-00002', 'name': '台中'}]",KKday
台北西湖射箭場｜室外射箭體驗｜全明星運動會紅藍隊練習場,https://www.kkday.com/zh-tw/product/100111,500,20220309,4.73,"[{'id': 'A01-001-00001', 'name': '台北'}]",KKday
KKday線上獨家｜彰化今夜星辰休閒農場｜入園門票,https://www.kkday.com/zh-tw/product/121932,190,20220306,4.44,"[{'id': 'A01-001-00011', 'name': '彰化'}]",KKday
【KKday獨家】台灣桃園｜巧虎夢想樂園門票,https://www.kkday.com/zh-tw/product/115196,150,20220306,4.7,"[{'id': 'A01-001-00008', 'name': '桃園'}]",KKday
台灣花蓮｜山度空間門票｜KKday 獨家優惠,https://www.kkday.com/zh-tw/product/117024,45,20220306,4.67,"[{'id': 'A01-001-00005', 'name': '花蓮'}]",KKday
【8折優惠】金山｜朱銘美術館門票,https://www.kkday.com/zh-tw/product/30550,280,20220308,4.76,"[{'id': 'A01-001-00006', 'name': '新北市'}]",KKday
限時優惠77折｜高雄義大遊樂世界超值入園方案 E-DA THEME PARK｜親子＆雙人入園方案,https://www.kkday.com/zh-tw/product/8700,1220,20220306,4.53,"[{'id': 'A01-001-00004', 'name': '高雄'}]",KKday
【KKday專屬優惠】桃園大溪｜富田花園農場雙人門票,https://www.kkday.com/zh-tw/product/119308,275,20220307,4.52,"[{'id': 'A01-001-00008', 'name': '桃園'}]",KKday
宜蘭｜綠舞日式主題園區｜門票・DIY＋飲料・浴衣/抹茶體驗任選,https://www.kkday.com/zh-tw/product/35648,285,20220307,4.86,"[{'id': 'A01-001-00017', 'name': '宜蘭'}]",KKday
新北｜三峽大板根森林遊園門票｜台灣唯一僅存低海拔原生亞熱帶雨林,https://www.kkday.com/zh-tw/product/23459,409,20220307,4.62,"[{'id': 'A01-001-00006', 'name': '新北市'}]",KKday
宜蘭蘇澳 | 線上優惠79折 | 宜蘭綺麗觀光園區優惠門票,https://www.kkday.com/zh-tw/product/101744,220,20220306,4.35,"[{'id': 'A01-001-00017', 'name': '宜蘭'}]",KKday
【高鐵票 75 折優惠】高鐵國旅聯票單程車票＆屏東國立海洋生物博物館門票,https://www.kkday.com/zh-tw/product/118926,565,20220306,4.8,"[{'id': 'A01-001-00016', 'name': '墾丁'}, {'id': 'A01-001-00015', 'name': '屏東'}]",KKday
台灣新竹  | 薰衣草森林入園券,https://www.kkday.com/zh-tw/product/101859,135,20220306,4.72,"[{'id': 'A01-001-00009', 'name': '新竹'}]",KKday
台灣高雄｜駁二店 Wooderful life 木育森林門票＆音樂鈴手作 DIY 體驗,https://www.kkday.com/zh-tw/product/103802,280,20220308,4.9,"[{'id': 'A01-001-00004', 'name': '高雄'}]",KKday
【限時優惠】台中西區｜幻覺博物館門票 Museum of Illusions｜室內必玩,https://www.kkday.com/zh-tw/product/102011,380,20220306,4.73,"[{'id': 'A01-001-00002', 'name': '台中'}]",KKday
【全台獨家】林獻堂先生環球遊記音樂會門票｜台中霧峰林獻堂博物館園區門票,https://www.kkday.com/zh-tw/product/119422,95,20220306,5,"[{'id': 'A01-001-00002', 'name': '台中'}]",KKday
【獨家83折】桃園青埔｜草莓學校｜採草莓、草莓盆栽體驗、親子DIY體驗＆尋寶活動,https://www.kkday.com/zh-tw/product/124616,400,20220308,4.26,"[{'id': 'A01-001-00008', 'name': '桃園'}]",KKday
限時9折｜宜蘭蘇澳｜計程車博物館門票｜贈碰碰車體驗,https://www.kkday.com/zh-tw/product/33022,180,20220306,4.62,"[{'id': 'A01-001-00017', 'name': '宜蘭'}]",KKday
快閃優惠51折｜苗栗南庄蘇維拉莊園｜雙人入園門票（加贈桂花烏龍冷泡茶）,https://www.kkday.com/zh-tw/product/101824,400,20220306,4.78,"[{'id': 'A01-001-00010', 'name': '苗栗'}]",KKday
【線上優惠8折】高雄科工館＆熱雪天堂探索樂園特展｜聯合門票優惠,https://www.kkday.com/zh-tw/product/118150,280,20220306,4.79,"[{'id': 'A01-001-00004', 'name': '高雄'}]",KKday
豪華露營｜O'GLAMPING 墾丁貓鼻頭露營莊園｜全包式豪華露營,https://www.kkday.com/zh-tw/product/114019,5300,20220401,4.83,"[{'id': 'A01-001-00016', 'name': '墾丁'}]",KKday
【期間限定48折】｜高雄金馬賓館當代美術館門票 ALIEN Art Centre,https://www.kkday.com/zh-tw/product/105239,120,20220306,4.62,"[{'id': 'A01-001-00004', 'name': '高雄'}]",KKday
【預售8折】台北展覽｜映河・齊柏林空間展覽預售門票,https://www.kkday.com/zh-tw/product/102570,120,20220307,4.88,"[{'id': 'A01-001-00006', 'name': '新北市'}]",KKday
台灣台中｜啟蒙射箭場｜禪風射箭輕體驗,https://www.kkday.com/zh-tw/product/100139,400,20220309,4.95,"[{'id': 'A01-001-00002', 'name': '台中'}]",KKday
【線上優惠95折】台中霧峰林家宮保第園區門票,https://www.kkday.com/zh-tw/product/115247,235,20220306,4.85,"[{'id': 'A01-001-00002', 'name': '台中'}]",KKday
台灣台中｜麗寶店 Wooderful life 木育森林門票＆音樂鈴手作 DIY 體驗,https://www.kkday.com/zh-tw/product/116679,330,20220308,4.96,"[{'id': 'A01-001-00002', 'name': '台中'}]",KKday
【高鐵票75折優惠】高鐵國旅聯票來回車票＆台南十鼓仁糖文創園區門票,https://www.kkday.com/zh-tw/product/105126,635,20220306,4.77,"[{'id': 'A01-001-00003', 'name': '台南'}]",KKday
澎湖水族館門票 | 單人門票&雙人優惠套票 | 電子票券,https://www.kkday.com/zh-tw/product/101299,300,20220306,4.73,"[{'id': 'A01-001-00019', 'name': '澎湖'}]",KKday
台灣基隆｜和平島公園電子門票・精選餐飲,https://www.kkday.com/zh-tw/product/23472,80,20220306,4.81,"[{'id': 'A01-001-00026', 'name': '基隆'}]",KKday
【展期熱銷】台北展覽｜永恆慕夏-線條的魔術特展門票,https://www.kkday.com/zh-tw/product/118440,350,20220306,4.77,"[{'id': 'A01-001-00001', 'name': '台北'}]",KKday
南投清境高空觀景步道門票｜開放時間・票價・入口處,https://www.kkday.com/zh-tw/product/36305,50,20220306,4.74,"[{'id': 'A01-001-00012', 'name': '南投'}]",KKday
【即買即用】台北展覽｜黃阿瑪的大冒險－尋找灰胖之旅門票,https://www.kkday.com/zh-tw/product/123867,260,20220306,4.84,"[{'id': 'A01-001-00001', 'name': '台北'}]",KKday
【KKday 45折優惠】i-Ride TAIPEI 飛行劇院｜飛行體驗門票｜台北必玩,https://www.kkday.com/zh-tw/product/28750,899,20220306,4.6,"[{'id': 'A01-001-00001', 'name': '台北'}]",KKday
台灣屏東小琉球 | 鹿粼梅花鹿園區門票,https://www.kkday.com/zh-tw/product/39713,220,20220306,4.77,"[{'id': 'A01-001-00024', 'name': '小琉球'}]",KKday
【KKday 優惠】台灣台南｜臺南左鎮化石博物館門票,https://www.kkday.com/zh-tw/product/105043,90,20220306,4.88,"[{'id': 'A01-001-00003', 'name': '台南'}]",KKday
【獨家8折優惠】南投HOHOCHA喝喝茶  入園門票、紅茶披薩DIY,https://www.kkday.com/zh-tw/product/115836,100,20220308,4.8,"[{'id': 'A01-001-00012', 'name': '南投'}]",KKday
【線上優惠56折】台灣高雄｜鈴鹿賽道樂園｜ 一日無限暢遊券＆卡丁車體驗,https://www.kkday.com/zh-tw/product/114876,299,20220306,4.84,"[{'id': 'A01-001-00004', 'name': '高雄'}]",KKday
【KKday 獨家親子套票】台灣台中｜寶熊漁樂碼頭 OKUMA CENTER,https://www.kkday.com/zh-tw/product/102630,180,20220306,4.6,"[{'id': 'A01-001-00002', 'name': '台中'}]",KKday
台灣宜蘭｜廣興休閒農場門票,https://www.kkday.com/zh-tw/product/126359,200,20220306,0,"[{'id': 'A01-001-00017', 'name': '宜蘭'}]",KKday
【加贈旅遊金】屏東墾丁｜阿信巧克力農場・入園全票＆夜探梅花鹿＆巧克力生態＆香草精油 DIY＆農家割稻飯,https://www.kkday.com/zh-tw/product/103085,180,20220306,4.32,"[{'id': 'A01-001-00015', 'name': '屏東'}]",KKday
【高鐵票75折優惠】高鐵國旅聯票單程車票＆台南十鼓仁糖文創園區門票,https://www.kkday.com/zh-tw/product/118945,530,20220306,4.83,"[{'id': 'A01-001-00003', 'name': '台南'}]",KKday
台灣台北｜奧森兒童博物館門票｜室內必玩,https://www.kkday.com/zh-tw/product/101164,200,20220307,4.77,"[{'id': 'A01-001-00001', 'name': '台北'}]",KKday
【95折優惠】台南學甲｜老塘湖藝術村門票,https://www.kkday.com/zh-tw/product/104037,95,20220306,4.55,"[{'id': 'A01-001-00003', 'name': '台南'}]",KKday
【KKday 45折優惠】i-Ride KAOHSIUNG 飛行劇院｜室內飛行體驗門票｜高雄必玩,https://www.kkday.com/zh-tw/product/29872,899,20220309,4.56,"[{'id': 'A01-001-00004', 'name': '高雄'}]",KKday
野柳海洋世界｜童樂趴體驗館門票｜北海岸親子景點,https://www.kkday.com/zh-tw/product/125698,90,20220307,4.8,"[{'id': 'A01-001-00006', 'name': '新北市'}]",KKday
台灣澎湖｜星光海洋牧場｜鮮烤牡蠣美味粥品吃到飽｜樂釣海鱺戲遛花枝,https://www.kkday.com/zh-tw/product/115060,550,20220310,4.9,"[{'id': 'A01-001-00019', 'name': '澎湖'}]",KKday
台灣苗栗｜巧克力雲莊門票、巧克力DIY體驗券,https://www.kkday.com/zh-tw/product/101807,180,20220307,4.46,"[{'id': 'A01-001-00010', 'name': '苗栗'}]",KKday
【9折優惠】台南赤崁樓門票｜票價・開放時間・交通資訊,https://www.kkday.com/zh-tw/product/104780,45,20220306,4.65,"[{'id': 'A01-001-00003', 'name': '台南'}]",KKday
【高鐵票 75 折優惠】高鐵國旅聯票單程車票＆台南奇美博物館 CHIMEI Museum 常設展門票,https://www.kkday.com/zh-tw/product/124273,315,20220306,4.2,"[{'id': 'A01-001-00003', 'name': '台南'}]",KKday
台南柳營｜台糖尖山埤江南渡假村門票,https://www.kkday.com/zh-tw/product/120577,150,20220306,4.71,"[{'id': 'A01-001-00003', 'name': '台南'}]",KKday
【KKday 獨家】宜蘭｜赫蒂法莊園門票（即買即用）,https://www.kkday.com/zh-tw/product/125617,150,20220306,5,"[{'id': 'A01-001-00017', 'name': '宜蘭'}]",KKday
新北市｜烏來雲仙樂園門票＆餐券＆雲仙大飯店住宿券,https://www.kkday.com/zh-tw/product/102958,390,20220306,4.56,"[{'id': 'A01-001-00006', 'name': '新北市'}]",KKday
新北萬里｜野柳地質公園門票,https://www.kkday.com/zh-tw/product/19391,120,20220306,4.78,"[{'id': 'A01-001-00006', 'name': '新北市'}]",KKday
【看!草尼馬的家】綠世界生態農場紙本門票（台灣郵寄）,https://www.kkday.com/zh-tw/product/26620,295,20220314,4.84,"[{'id': 'A01-001-00009', 'name': '新竹'}]",KKday
【9折優惠】臺南山上花園水道博物館門票,https://www.kkday.com/zh-tw/product/104779,90,20220306,4.61,"[{'id': 'A01-001-00003', 'name': '台南'}]",KKday
【KKday人氣推薦】台灣花蓮｜夜宿遠雄海洋公園｜親親海洋夜未眠,https://www.kkday.com/zh-tw/product/103940,2999,20220314,4.81,"[{'id': 'A01-001-00005', 'name': '花蓮'}]",KKday
【KKday 優惠】台灣台南｜安平古堡門票,https://www.kkday.com/zh-tw/product/104777,45,20220306,4.86,"[{'id': 'A01-001-00003', 'name': '台南'}]",KKday
綠島溫泉｜朝日溫泉門票,https://www.kkday.com/zh-tw/product/123118,200,20220306,4.2,"[{'id': 'A01-001-00023', 'name': '綠島'}]",KKday
台灣新竹 | 綠世界生態農場 x 小叮噹科學主題樂園聯票,https://www.kkday.com/zh-tw/product/102155,599,20220306,4.9,"[{'id': 'A01-001-00009', 'name': '新竹'}]",KKday
【高鐵票 75 折優惠】高鐵國旅聯票來回車票＆九族文化村門票&贈日月潭纜車票,https://www.kkday.com/zh-tw/product/116032,940,20220315,4.83,"[{'id': 'A01-001-00012', 'name': '南投'}]",KKday
【KKday 獨家小孩免費】彰化鹿港 | 卷木森活館｜觀光工廠門票＋暴龍咬陀螺 DIY 手作體驗｜再加贈旅遊金,https://www.kkday.com/zh-tw/product/126640,130,20220308,0,"[{'id': 'A01-001-00011', 'name': '彰化'}]",KKday
【2022藍眼淚季節】馬祖藍眼淚生態館 Blue Tear Museum | 門票 & 導覽 | 藍眼淚近距離體驗,https://www.kkday.com/zh-tw/product/123959,349,20220307,3,"[{'id': 'A01-001-00021', 'name': '馬祖'}]",KKday
台灣台中豐原 | 台灣味噌文化館文化導覽＋味噌 DIY,https://www.kkday.com/zh-tw/product/100075,100,20220310,4.9,"[{'id': 'A01-001-00002', 'name': '台中'}]",KKday
台中｜麗寶國際賽車場卡丁車體驗,https://www.kkday.com/zh-tw/product/30302,650,20220308,4.76,"[{'id': 'A01-001-00002', 'name': '台中'}]",KKday
【日月潭陸空輕旅行】南投｜日月潭纜車＋自行車遊湖套票（即買即用）,https://www.kkday.com/zh-tw/product/30423,450,20220306,4.61,"[{'id': 'A01-001-00012', 'name': '南投'}]",KKday
【 KKday 獨家優惠75折 】台灣桃園｜大魯閣・卡丁車場,https://www.kkday.com/zh-tw/product/123508,720,20220306,4.83,"[{'id': 'A01-001-00008', 'name': '桃園'}]",KKday
【高鐵票 75 折優惠】高鐵國旅聯票單程車票＆台北 101 觀景台成人門票,https://www.kkday.com/zh-tw/product/123828,330,20220306,5,"[{'id': 'A01-001-00001', 'name': '台北'}]",KKday
【2022櫻花季】嘉義阿里山 | 優遊吧斯鄒族文化部落 YUYUPAS Cultural Park 門票,https://www.kkday.com/zh-tw/product/100306,50,20220306,4.76,"[{'id': 'A01-001-00014', 'name': '嘉義'}]",KKday
【線上獨家5折】台灣桃園｜巧克力共和國 DIY 體驗套票＆零食組合｜觀光工廠,https://www.kkday.com/zh-tw/product/123459,90,20220306,4.33,"[{'id': 'A01-001-00008', 'name': '桃園'}]",KKday
2022櫻花季｜武界( 滿江紅 ) & 奧萬大 & 曲冰遺址一日遊 ｜台中市區出發,https://www.kkday.com/zh-tw/product/105417,1199,20220307,4.63,"[{'id': 'A01-001-00002', 'name': '台中'}, {'id': 'A01-001-00012', 'name': '南投'}]",KKday
【宜蘭蘇澳】安永心食館門票｜親子手作DIY超值組合套票,https://www.kkday.com/zh-tw/product/101914,200,20220306,4.63,"[{'id': 'A01-001-00017', 'name': '宜蘭'}]",KKday
台灣 | 遊戲愛樂園平假日通用樂園門票,https://www.kkday.com/zh-tw/product/126588,360,20220306,0,"[{'id': 'A01-001-00001', 'name': '台北'}, {'id': 'A01-001-00008', 'name': '桃園'}, {'id': 'A01-001-00002', 'name': '台中'}, {'id': 'A01-001-00003', 'name': '台南'}, {'id': 'A01-001-00004', 'name': '高雄'}, {'id': 'A01-001-00009', 'name': '新竹'}]",KKday
【買一送一】花蓮壽豐｜池南國家森林遊樂區門票,https://www.kkday.com/zh-tw/product/100559,40,20220306,4.58,"[{'id': 'A01-001-00005', 'name': '花蓮'}]",KKday
新北市淡水｜淡水阿熊勇闖歡樂島｜北台灣最大最好玩的親子體能館,https://www.kkday.com/zh-tw/product/116596,499,20220306,4.8,"[{'id': 'A01-001-00006', 'name': '新北市'}]",KKday
【KKday獨家】新竹關西｜台紅茶業文化館｜門票＆導覽．審茶體驗,https://www.kkday.com/zh-tw/product/120741,200,20220311,5,"[{'id': 'A01-001-00009', 'name': '新竹'}]",KKday
【高鐵票 75 折優惠】高鐵國旅聯票單程車票＆九族文化村門票&贈日月潭纜車票,https://www.kkday.com/zh-tw/product/118949,845,20220306,5,"[{'id': 'A01-001-00012', 'name': '南投'}]",KKday
高雄親子館｜kid's建築樂園高雄夢時代店平假日通用樂園門票,https://www.kkday.com/zh-tw/product/126602,100,20220306,0,"[{'id': 'A01-001-00004', 'name': '高雄'}]",KKday
【春遊野餐節】新竹｜福華大飯店住宿｜含早餐｜可加購六福村或綠世界生態農場門票,https://www.kkday.com/zh-tw/product/124545,3300,20220308,5,"[{'id': 'A01-001-00009', 'name': '新竹'}]",KKday
【KKday 優惠】台灣台南｜億載金城門票,https://www.kkday.com/zh-tw/product/104778,45,20220306,4.62,"[{'id': 'A01-001-00003', 'name': '台南'}]",KKday
【台北淡水必訪歷史建築】淡水古蹟博物館電子門票,https://www.kkday.com/zh-tw/product/30458,80,20220306,4.7,"[{'id': 'A01-001-00001', 'name': '台北'}]",KKday
【KKday 獨家 95 折】台灣宜蘭｜天使星夢渡假村入園券,https://www.kkday.com/zh-tw/product/125832,190,20220306,5,"[{'id': 'A01-001-00017', 'name': '宜蘭'}]",KKday
台灣宜蘭 | 星寶．鄉間小路體驗農場 | 迷你驢 & 梅花鹿近距離互動,https://www.kkday.com/zh-tw/product/115956,200,20220306,4.72,"[{'id': 'A01-001-00017', 'name': '宜蘭'}]",KKday
【2022澎湖花火節】澎湖｜花火節限定花火船：馬公・七美・望安｜南海遊客中心出發,https://www.kkday.com/zh-tw/product/115926,350,20220425,5,"[{'id': 'A01-001-00019', 'name': '澎湖'}]",KKday
【超值組合套票】花蓮賞鯨｜鯨世界賞鯨＋遠雄海洋公園門票,https://www.kkday.com/zh-tw/product/119287,1490,20220307,4.71,"[{'id': 'A01-001-00005', 'name': '花蓮'}]",KKday
台北內湖｜Craftzy Sports 滑雪模擬體驗,https://www.kkday.com/zh-tw/product/100277,850,20220309,5,"[{'id': 'A01-001-00001', 'name': '台北'}]",KKday
台灣台南｜台南貨櫃公園門票,https://www.kkday.com/zh-tw/product/125654,50,20220306,4.8,"[{'id': 'A01-001-00003', 'name': '台南'}]",KKday
新北八里｜卡滋爆米花觀光工廠樂園門票．DIY 套票,https://www.kkday.com/zh-tw/product/104312,250,20220309,4.5,"[{'id': 'A01-001-00006', 'name': '新北市'}]",KKday
台北展覽｜大昆蟲展 我要當昆蟲王｜含兒童新樂園入園門票,https://www.kkday.com/zh-tw/product/123051,300,20220306,4.14,"[{'id': 'A01-001-00001', 'name': '台北'}]",KKday
【高鐵票 75 折優惠】高鐵國旅聯票單程車票＆台中麗寶樂園渡假區門票,https://www.kkday.com/zh-tw/product/118905,845,20220306,2,"[{'id': 'A01-001-00002', 'name': '台中'}]",KKday
台灣台北｜LOST 密室逃脫門票 台北忠孝店,https://www.kkday.com/zh-tw/product/36003,500,20220307,4.82,"[{'id': 'A01-001-00001', 'name': '台北'}]",KKday
【高鐵票 75 折優惠】高鐵國旅聯票單程車票＆小琉球鹿粼梅花鹿園區門票,https://www.kkday.com/zh-tw/product/123964,335,20220306,5,"[{'id': 'A01-001-00024', 'name': '小琉球'}]",KKday
宜蘭蘇澳｜Robert Y瘋狂夢想藝術園區門票套票,https://www.kkday.com/zh-tw/product/35403,200,20220306,4.31,"[{'id': 'A01-001-00017', 'name': '宜蘭'}]",KKday
【高鐵票 75 折優惠】高鐵國旅聯票單程車票＆新竹綠世界生態農場入場門票（加贈化石先生贈禮）,https://www.kkday.com/zh-tw/product/123937,455,20220308,4,"[{'id': 'A01-001-00009', 'name': '新竹'}]",KKday
高雄駁二展覽｜聚膠行動 #TapeArt 2.0 @KAOHSIUNG,https://www.kkday.com/zh-tw/product/125338,350,20220306,4.5,"[{'id': 'A01-001-00004', 'name': '高雄'}]",KKday
【85折優惠】花蓮新城 | 光隆博物館門票 + 產業DIY體驗套票,https://www.kkday.com/zh-tw/product/102280,260,20220307,5,"[{'id': 'A01-001-00005', 'name': '花蓮'}]",KKday
台灣台南｜永樂町鼓茶樓饗宴＋Live秀,https://www.kkday.com/zh-tw/product/27781,399,20220312,4.91,"[{'id': 'A01-001-00003', 'name': '台南'}]",KKday
高鐵假期｜屏東二日遊｜夜宿國立海洋生物博物館,https://www.kkday.com/zh-tw/product/126843,3472,20220313,0,"[{'id': 'A01-001-00015', 'name': '屏東'}]",KKday
花蓮遠雄海洋公園往返接駁｜花蓮市區出發,https://www.kkday.com/zh-tw/product/368,200,20220309,4.71,"[{'id': 'A01-001-00005', 'name': '花蓮'}]",KKday
台灣台南｜奇美博物館實境遊戲,https://www.kkday.com/zh-tw/product/102616,1500,20220306,4.72,"[{'id': 'A01-001-00003', 'name': '台南'}]",KKday
台灣台北 | 貓空纜車來回車票＋兒童新樂園一日樂FUN券套票,https://www.kkday.com/zh-tw/product/115226,360,20220307,5,"[{'id': 'A01-001-00001', 'name': '台北'}]",KKday
高鐵假期｜高雄二日遊｜義大遊樂世界／SKM大魯閣鈴鹿賽道 & 高雄捷運一日票,https://www.kkday.com/zh-tw/product/126807,1310,20220313,0,"[{'id': 'A01-001-00004', 'name': '高雄'}]",KKday
台灣樂園接駁車｜住家往返，直達六福村、小人國樂園,https://www.kkday.com/zh-tw/product/101499,950,20220307,4.9,"[{'id': 'A01-001-00009', 'name': '新竹'}, {'id': 'A01-001-00001', 'name': '台北'}, {'id': 'A01-001-00008', 'name': '桃園'}, {'id': 'A01-001-00006', 'name': '新北市'}]",KKday
台灣台北｜LOST 密室逃脫門票 台北西門店,https://www.kkday.com/zh-tw/product/28349,500,20220307,4.74,"[{'id': 'A01-001-00001', 'name': '台北'}]",KKday
【高鐵票 85 折優惠】高鐵國旅聯票單程車票＆台北袖珍博物館電子門票,https://www.kkday.com/zh-tw/product/124260,255,20220306,4.89,"[{'id': 'A01-001-00001', 'name': '台北'}]",KKday
台灣宜蘭｜溪和水產觀光工廠門票｜普通票・優待票（即買即用）,https://www.kkday.com/zh-tw/product/127208,100,20220307,0,"[{'id': 'A01-001-00017', 'name': '宜蘭'}]",KKday
高鐵假期｜屏東二日遊｜夜宿國立海洋生物博物館 & 小墾丁渡假村,https://www.kkday.com/zh-tw/product/126845,4522,20220313,0,"[{'id': 'A01-001-00015', 'name': '屏東'}]",KKday
"KKday專屬優惠｜彰化魔菇部落休閒農場｜雙人＆家庭套票（種菇DIY體驗, 魔菇披薩）",https://www.kkday.com/zh-tw/product/121551,649,20220312,4.71,"[{'id': 'A01-001-00011', 'name': '彰化'}]",KKday
【KKday x 小王子獨家】｜ citizenM 世民酒店｜小王子的藝想世界 75 週年特展｜雙人房住宿贈門票＆週邊商品,https://www.kkday.com/zh-tw/product/125424,2300,20220309,5,"[{'id': 'A01-001-00001', 'name': '台北'}]",KKday
台灣桃園｜名人堂圓形劇場門票｜親子參與式喜劇,https://www.kkday.com/zh-tw/product/115428,350,20220306,4.89,"[{'id': 'A01-001-00008', 'name': '桃園'}]",KKday
台灣士林｜順益台灣原住民博物館套票｜快速入館,https://www.kkday.com/zh-tw/product/3220,150,20220306,4.28,"[{'id': 'A01-001-00001', 'name': '台北'}]",KKday
台灣墾丁｜恐龍賽車場｜F1 卡丁車＆瑪莉歐甩尾車＆生存對戰漆彈水彈,https://www.kkday.com/zh-tw/product/114702,250,20220307,4.5,"[{'id': 'A01-001-00016', 'name': '墾丁'}]",KKday
屏東墾丁｜墾草趣草食生態園區｜入園門票,https://www.kkday.com/zh-tw/product/104967,160,20220308,4.6,"[{'id': 'A01-001-00015', 'name': '屏東'}]",KKday
【優惠下殺5折起】遠雄海洋公園接駁車｜直達遊樂園，保證出發,https://www.kkday.com/zh-tw/product/114599,369,20220307,4.68,"[{'id': 'A01-001-00005', 'name': '花蓮'}]",KKday
台灣樂園接駁車｜住家往返，直達小叮噹科學主題園區,https://www.kkday.com/zh-tw/product/103526,950,20220307,5,"[{'id': 'A01-001-00009', 'name': '新竹'}]",KKday
屏東大鵬灣｜經典遊艇遊湖｜烤鮮蚵吃到爽體驗｜贈丹堤咖啡折價券（限大鵬灣店使用）,https://www.kkday.com/zh-tw/product/123313,200,20220306,4.67,"[{'id': 'A01-001-00015', 'name': '屏東'}]",KKday
台東布農部落休閒農場｜獵人套票,https://www.kkday.com/zh-tw/product/116234,750,20220307,3,"[{'id': 'A01-001-00018', 'name': '台東'}]",KKday
【獨家9折】Xpark＆國立故宮博物院｜雙展聯票,https://www.kkday.com/zh-tw/product/125616,640,20220307,5,"[{'id': 'A01-001-00001', 'name': '台北'}, {'id': 'A01-001-00008', 'name': '桃園'}, {'id': 'A01-001-00014', 'name': '嘉義'}]",KKday
【KKday x 小王子獨家】台北神旺大飯店｜小王子的藝想世界 75 週年特展｜雙人房住宿贈門票＆週邊商品,https://www.kkday.com/zh-tw/product/126806,2888,20220308,0,"[{'id': 'A01-001-00001', 'name': '台北'}]",KKday
【高鐵票 85 折優惠】高鐵國旅聯票單程車票＆國立故宮博物院門票,https://www.kkday.com/zh-tw/product/124174,180,20220306,4.83,"[{'id': 'A01-001-00001', 'name': '台北'}]",KKday
桃園平鎮｜蛋寶生技不老村門票,https://www.kkday.com/zh-tw/product/115747,150,20220306,4,"[{'id': 'A01-001-00001', 'name': '台北'}]",KKday
【即買即用】駁二展覽｜屁屁偵探特展高雄篇門票,https://www.kkday.com/zh-tw/product/124620,320,20220306,4.67,"[{'id': 'A01-001-00004', 'name': '高雄'}]",KKday
【2022藍眼淚季節】KKday線上獨家｜台灣馬祖｜島嶼探索體驗｜秘密坑道導覽&下午茶套餐,https://www.kkday.com/zh-tw/product/123960,500,20220308,0,"[{'id': 'A01-001-00021', 'name': '馬祖'}]",KKday
【9折優惠】台南｜水交社文化園區門票,https://www.kkday.com/zh-tw/product/105046,45,20220306,4.5,"[{'id': 'A01-001-00003', 'name': '台南'}]",KKday
獨家優惠76折 | 苗栗南庄巴巴坑道休閒礦場 | 入園門票 & 礦坑體驗＆蔥油雞套餐,https://www.kkday.com/zh-tw/product/122762,415,20220307,3.6,"[{'id': 'A01-001-00010', 'name': '苗栗'}]",KKday
【KKday x 小王子獨家】台北｜華山文旅｜小王子的藝想世界 75 週年特展｜雙人房住宿贈門票＆週邊商品｜鄰近華山文創園區,https://www.kkday.com/zh-tw/product/119108,2621,20220308,5,"[{'id': 'A01-001-00001', 'name': '台北'}]",KKday
【線上優惠9折】新北｜世界宗教博物館 ｜All in One 門票＆世界宗教和諧卡,https://www.kkday.com/zh-tw/product/120273,270,20220308,4.6,"[{'id': 'A01-001-00006', 'name': '新北市'}]",KKday
【嘉義親子景點推薦】愛木村觀光工廠入園門票／木作體驗,https://www.kkday.com/zh-tw/product/32092,100,20220306,4.53,"[{'id': 'A01-001-00014', 'name': '嘉義'}]",KKday
宜蘭｜玉兔鉛筆學校門票（含導覽＆鉛筆DIY手作課程）,https://www.kkday.com/zh-tw/product/100261,150,20220308,4.89,"[{'id': 'A01-001-00017', 'name': '宜蘭'}]",KKday
台南｜奇美食品幸福工廠門票．DIY手作,https://www.kkday.com/zh-tw/product/103400,50,20220306,4.2,"[{'id': 'A01-001-00003', 'name': '台南'}]",KKday
【墾丁陸上活動】南灣草地雙人飛球體驗,https://www.kkday.com/zh-tw/product/1672,333,20220308,4.59,"[{'id': 'A01-001-00016', 'name': '墾丁'}]",KKday
【KKday x 小王子獨家】台北｜台北老爺大酒店｜小王子的藝想世界 75 週年特展｜雙人房住宿贈門票＆週邊商品,https://www.kkday.com/zh-tw/product/119700,2916,20220309,5,"[{'id': 'A01-001-00001', 'name': '台北'}]",KKday
屏東墾丁｜鬼屋之藍色魅影入場門票｜全新改裝 2.0,https://www.kkday.com/zh-tw/product/104919,230,20220308,5,"[{'id': 'A01-001-00016', 'name': '墾丁'}]",KKday
台灣嘉義｜嘉義大學組合套票｜昆蟲館・咖啡學園,https://www.kkday.com/zh-tw/product/102051,150,20220309,4.62,"[{'id': 'A01-001-00014', 'name': '嘉義'}]",KKday
台灣嘉義｜昭和J18史蹟資料館｜門票、和服體驗、日式茶席體驗、餐點（即買即用）,https://www.kkday.com/zh-tw/product/121578,60,20220308,4.56,"[{'id': 'A01-001-00014', 'name': '嘉義'}]",KKday
【淡海輕軌遇上幾米】淡海輕軌1日票 |  輕軌1日任你搭,https://www.kkday.com/zh-tw/product/101081,50,,4.75,"[{'id': 'A01-001-00006', 'name': '新北市'}]",KKday
【高鐵票 75 折優惠】高鐵國旅聯票來回車票＆屏東國立海洋生物博物館門票,https://www.kkday.com/zh-tw/product/105122,670,20220306,4.89,"[{'id': 'A01-001-00015', 'name': '屏東'}]",KKday
【華信好運GO】金門春日超值3-5日遊｜華信假期飛機來回+自駕48HR｜台北/台中/高雄出發,https://www.kkday.com/zh-tw/product/103003,3200,20220313,3.67,"[{'id': 'A01-001-00020', 'name': '金門'}]",KKday
【高鐵票 75 折優惠】高鐵國旅聯票來回車票 ＆ 雲林劍湖山世界主題樂園電子門票,https://www.kkday.com/zh-tw/product/115953,610,20220306,5,"[{'id': 'A01-001-00013', 'name': '雲林'}]",KKday
東北角台灣好行｜黃金福隆線｜九份住一晚｜雙人套票限定,https://www.kkday.com/zh-tw/product/122558,1250,20220310,1,"[{'id': 'A01-001-00017', 'name': '宜蘭'}]",KKday
新北九份｜金瓜石黃金博物館門票,https://www.kkday.com/zh-tw/product/26685,80,,3.96,"[{'id': 'A01-001-00006', 'name': '新北市'}]",KKday
【高鐵票 75 折優惠】高鐵國旅聯票單程車票＆台中幻覺博物館門票,https://www.kkday.com/zh-tw/product/124107,475,20220315,0,"[{'id': 'A01-001-00002', 'name': '台中'}]",KKday
【天天出發｜4 人成行】南投 2 日遊｜九族文化村＆清境農場｜台北＆台中出發,https://www.kkday.com/zh-tw/product/116595,4100,20220319,0,"[{'id': 'A01-001-00012', 'name': '南投'}]",KKday
【享樂券】奧斯丁夢想樂園 SKM PARK 門票｜高雄草衙道店,https://www.kkday.com/zh-tw/product/122075,549,20220307,4.67,"[{'id': 'A01-001-00004', 'name': '高雄'}]",KKday
【高鐵票 75 折優惠】高鐵國旅聯票單程車票＆新竹六福村主題樂園門票,https://www.kkday.com/zh-tw/product/118946,794,20220306,0,"[{'id': 'A01-001-00009', 'name': '新竹'}]",KKday
【KKday x 小王子獨家】台北｜台北福華大飯店｜小王子的藝想世界 75 週年特展｜雙人房住宿贈門票＆週邊商品,https://www.kkday.com/zh-tw/product/121356,3299,20220307,4.64,"[{'id': 'A01-001-00001', 'name': '台北'}]",KKday
台灣高雄｜國際級纜繩滑水 蓮池潭滑水主題樂園體驗門票,https://www.kkday.com/zh-tw/product/23797,200,20220307,4.63,"[{'id': 'A01-001-00004', 'name': '高雄'}]",KKday
【高鐵票 75 折優惠】高鐵國旅聯票來回車票＆台中麗寶樂園渡假區門票,https://www.kkday.com/zh-tw/product/105120,940,20220306,4.88,"[{'id': 'A01-001-00002', 'name': '台中'}]",KKday
屏東｜粮田集市門票・消費抵用券・帳篷預訂,https://www.kkday.com/zh-tw/product/120313,150,20220306,5,"[{'id': 'A01-001-00015', 'name': '屏東'}]",KKday
【66折優惠】彈跳床體驗｜Air Gene空氣基因健身育樂中心,https://www.kkday.com/zh-tw/product/115151,250,20220307,4.67,"[{'id': 'A01-001-00002', 'name': '台中'}, {'id': 'A01-001-00003', 'name': '台南'}]",KKday
台中麗寶馬拉灣海陸雙樂園一日遊｜台中出發,https://www.kkday.com/zh-tw/product/6253,1380,20220310,4,"[{'id': 'A01-001-00002', 'name': '台中'}, {'id': 'A01-001-00012', 'name': '南投'}]",KKday
高雄景點｜HoloPark 光禹浮空劇院門票｜全息動感光影秀,https://www.kkday.com/zh-tw/product/123976,299,20220309,3,"[{'id': 'A01-001-00004', 'name': '高雄'}]",KKday
【台灣在地小農】樹合苑TreeHope導覽＋附贈一杯飲品,https://www.kkday.com/zh-tw/product/23061,222,20220310,0,"[{'id': 'A01-001-00002', 'name': '台中'}]",KKday
【高鐵票 75 折優惠】高鐵國旅聯票單程車票＆高雄 i-Ride KAOHSIUNG 飛行劇院體驗,https://www.kkday.com/zh-tw/product/118943,1104,20220306,0,"[{'id': 'A01-001-00004', 'name': '高雄'}]",KKday
台南奇美博物館｜台南市區 - 奇美博物館單趟接駁｜私人包車,https://www.kkday.com/zh-tw/product/116049,450,20220309,4.67,"[{'id': 'A01-001-00003', 'name': '台南'}]",KKday
【高鐵票 75 折優惠】高鐵國旅聯票單程車票＆雲林劍湖山世界主題樂園門票,https://www.kkday.com/zh-tw/product/118942,530,20220306,2,"[{'id': 'A01-001-00013', 'name': '雲林'}]",KKday
【高鐵票 75 折優惠】高鐵國旅聯票來回車票＆新竹六福村主題樂園門票,https://www.kkday.com/zh-tw/product/105149,899,20220306,1,"[{'id': 'A01-001-00009', 'name': '新竹'}]",KKday
台灣|桃園新屋半日遊騎遊| 暢遊趣踏稻浪x輪轉海岸x太平洋自行車博物館參觀,https://www.kkday.com/zh-tw/product/114534,699,20220312,0,"[{'id': 'A01-001-00008', 'name': '桃園'}]",KKday
【高鐵票 75 折優惠】高鐵國旅聯票單程車票＆高雄義大遊樂世界超值入園門票,https://www.kkday.com/zh-tw/product/119096,804,,0,"[{'id': 'A01-001-00004', 'name': '高雄'}]",KKday
【獨家91折：卡娜赫拉套票】台灣花蓮 | 遠雄海洋公園親親海豚/海獅體驗（含入園門票）,https://www.kkday.com/zh-tw/product/123719,2800,20220314,5,"[{'id': 'A01-001-00005', 'name': '花蓮'}]",KKday
【高鐵票 75 折優惠】高鐵國旅聯票單程車票＆台南永樂町鼓茶樓套票,https://www.kkday.com/zh-tw/product/123845,605,20220312,5,"[{'id': 'A01-001-00003', 'name': '台南'}]",KKday
台灣平溪｜新平溪煤礦博物園區門票,https://www.kkday.com/zh-tw/product/100589,200,20220309,5,"[{'id': 'A01-001-00007', 'name': '平溪'}]",KKday
台灣台東｜台東市自行車租借・單車租借｜捷安特台東站,https://www.kkday.com/zh-tw/product/121367,290,20220309,0,"[{'id': 'A01-001-00018', 'name': '台東'}]",KKday
【台北經典景點門票】故宮＋士林官邸聯票,https://www.kkday.com/zh-tw/product/30457,450,20220306,4,"[{'id': 'A01-001-00001', 'name': '台北'}]",KKday
KKday獨家67折｜高雄岡山台灣滷味博物館｜滷味 DIY 體驗＆伴手禮,https://www.kkday.com/zh-tw/product/121717,650,20220307,1,"[{'id': 'A01-001-00004', 'name': '高雄'}]",KKday
【高鐵票 85 折優惠】高鐵國旅聯票來回車票＆台北 i-Ride TAIPEI 飛行劇院 飛越系列雙部影片體驗門票,https://www.kkday.com/zh-tw/product/105141,1020,20220306,0,"[{'id': 'A01-001-00001', 'name': '台北'}]",KKday
【高鐵票 75 折優惠】高鐵國旅聯票單程車票＆宜蘭奇麗灣珍奶文化館 珍奶手搖DIY體驗,https://www.kkday.com/zh-tw/product/123835,605,20220306,0,"[{'id': 'A01-001-00017', 'name': '宜蘭'}]",KKday
【高鐵票 75 折優惠】高鐵國旅聯票來回車票＆桃園巧虎夢想樂園門票（假日時段）,https://www.kkday.com/zh-tw/product/118435,340,20220312,0,"[{'id': 'A01-001-00008', 'name': '桃園'}]",KKday
【親子優惠】桃園新屋｜太平洋自行車博物館門票套票,https://www.kkday.com/zh-tw/product/114535,280,20220308,0,"[{'id': 'A01-001-00008', 'name': '桃園'}]",KKday
【高鐵票 85 折優惠】高鐵國旅聯票單程車票＆SNOWTOWN雪樂地門票｜2022農曆新年走春,https://www.kkday.com/zh-tw/product/123376,415,,0,"[{'id': 'A01-001-00002', 'name': '台中'}]",KKday
【高鐵票 75 折優惠】高鐵國旅聯票來回車票 & 台中異想新樂園 - 宙影幻鏡-傳奇 | 假日四區套票,https://www.kkday.com/zh-tw/product/119280,819,20220306,0,"[{'id': 'A01-001-00002', 'name': '台中'}]",KKday
【台北按摩推薦】Aset 愛西斯美容 SPA 券（需電話預約）,https://www.kkday.com/zh-tw/product/31467,1699,20220306,0,"[{'id': 'A01-001-00001', 'name': '台北'}]",KKday
高雄夢時代樹屋公園店｜遊戲愛樂園｜來自日本最受歡迎兒童遊樂園,https://www.kkday.com/zh-tw/product/124675,338,20220306,0,"[{'id': 'A01-001-00004', 'name': '高雄'}]",KKday
台灣高雄｜FLOMO 富樂夢橡皮擦觀光工廠門票＋超值 DIY 體驗,https://www.kkday.com/zh-tw/product/103313,79,20220306,5,"[{'id': 'A01-001-00004', 'name': '高雄'}]",KKday
台灣高雄｜夢罟工作室 密室逃脫 包場門票 （需自行預約場次）,https://www.kkday.com/zh-tw/product/102304,1400,20220308,5,"[{'id': 'A01-001-00004', 'name': '高雄'}]",KKday
【高鐵票85折優惠】高鐵國旅聯票來回車票＆桃園巧虎夢想樂園門票（平日時段）,https://www.kkday.com/zh-tw/product/118416,370,20220308,0,"[{'id': 'A01-001-00008', 'name': '桃園'}]",KKday
台灣花東｜單車花東縱騎・寄情山海｜捷安特旅行社單車旅遊,https://www.kkday.com/zh-tw/product/125382,7900,20220416,0,"[{'id': 'A01-001-00005', 'name': '花蓮'}, {'id': 'A01-001-00018', 'name': '台東'}]",KKday
【平溪獨特體驗】波麗士天燈館電子天燈券,https://www.kkday.com/zh-tw/product/30613,150,20220306,0,"[{'id': 'A01-001-00006', 'name': '新北市'}]",KKday
【高鐵票 85 折優惠】高鐵國旅聯票單程車票＆台南走馬瀨農場套票,https://www.kkday.com/zh-tw/product/124524,414,20220306,0,"[{'id': 'A01-001-00003', 'name': '台南'}]",KKday
【線上優惠75折】台灣高雄｜彪琥台灣鞋故事館｜門票・DIY 體驗,https://www.kkday.com/zh-tw/product/116741,150,20220309,0,"[{'id': 'A01-001-00004', 'name': '高雄'}]",KKday
【限時7折】臺灣桃園機場貴賓室 | 第二航廈 | 東方宇逸貴賓室,https://www.kkday.com/zh-tw/product/35197,1300,20220306,5,"[{'id': 'A01-001-00008', 'name': '桃園'}, {'id': 'A01-001-00001', 'name': '台北'}]",KKday
KKday獨家方案｜台北練健康一對一舉重 ＆樂齡親子課程,https://www.kkday.com/zh-tw/product/101103,588,20220307,0,"[{'id': 'A01-001-00001', 'name': '台北'}]",KKday
【享樂券】台灣宜蘭 | 博士鴨觀光工廠 Dr. Duck 手作 DIY 體驗（需電話預約）,https://www.kkday.com/zh-tw/product/102940,199,20220307,5,"[{'id': 'A01-001-00017', 'name': '宜蘭'}]",KKday
宜蘭頭城｜東北角台灣好行｜宜蘭東北角海岸線｜東北角玩水趣,https://www.kkday.com/zh-tw/product/122492,485,20220314,0,"[{'id': 'A01-001-00017', 'name': '宜蘭'}]",KKday
【大台北按摩推薦】昕悅 / 夏妍美容 SPA 券（需電話預約）,https://www.kkday.com/zh-tw/product/33057,1980,20220306,0,"[{'id': 'A01-001-00001', 'name': '台北'}, {'id': 'A01-001-00006', 'name': '新北市'}]",KKday
宜蘭｜傳統藝術中心門票＋來回交通票券＋DIY 課程｜一日暢遊套票,https://www.kkday.com/zh-tw/product/31525,600,20220311,5,"[{'id': 'A01-001-00001', 'name': '台北'}, {'id': 'A01-001-00017', 'name': '宜蘭'}]",KKday
台北出發｜ 9天8夜單車環島趣｜捷安特旅行社單車旅遊,https://www.kkday.com/zh-tw/product/125900,26800,20220409,0,"[{'id': 'A01-001-99999', 'name': '所有城市'}]",KKday
新竹出發｜ 9天8夜單車環島趣｜捷安特旅行社單車旅遊,https://www.kkday.com/zh-tw/product/126120,28200,20220507,0,"[{'id': 'A01-001-99999', 'name': '所有城市'}]",KKday
澎湖 | 潛水氣瓶出租&充氣 | 高氧 or 空氣 | 喬米潛水充氣站,https://www.kkday.com/zh-tw/product/126038,350,20220425,0,"[{'id': 'A01-001-99999', 'name': '所有城市'}]",KKday
高雄出發｜ 9天8夜單車環島趣｜捷安特旅行社單車旅遊,https://www.kkday.com/zh-tw/product/126132,26800,20220604,0,"[{'id': 'A01-001-99999', 'name': '所有城市'}]",KKday
台中出發｜ 9天8夜單車環島趣｜捷安特旅行社單車旅遊,https://www.kkday.com/zh-tw/product/125969,26800,20220430,0,"[{'id': 'A01-001-99999', 'name': '所有城市'}]",KKday
台灣金山｜磺港蹦火仔&金包里號出海體驗一日遊｜南港車站出發,https://www.kkday.com/zh-tw/product/127183,4900,20220429,0,"[{'id': 'A01-001-00001', 'name': '台北'}, {'id': 'A01-001-00006', 'name': '新北市'}]",KKday
宜蘭一日遊｜忍者村＆亞典蛋糕密碼館＆龍潭湖＆甲鳥園＆呂家魚丸米粉｜台北出發,https://www.kkday.com/zh-tw/product/125977,1350,20220310,0,"[{'id': 'A01-001-00017', 'name': '宜蘭'}]",KKday
【季節限定】苗栗大湖｜採草莓、大湖酒莊、花露農場莓好時光一日遊｜台中出發,https://www.kkday.com/zh-tw/product/126477,1499,20220311,0,"[{'id': 'A01-001-99999', 'name': '所有城市'}]",KKday
【南投日月潭】日月潭遊潭船票-日月潭最大的遊艇公司,https://www.kkday.com/zh-tw/product/125991,290,20220307,0,"[{'id': 'A01-001-00012', 'name': '南投'}]",KKday
台灣台中｜晶美術館當期展覽門票｜導覽體驗,https://www.kkday.com/zh-tw/product/126121,300,20220309,0,"[{'id': 'A01-001-00002', 'name': '台中'}]",KKday
綠島潛水 | 水肺潛水、體驗潛水(教練一對一、附贈水下照片.影片)｜海街日記潛水旅宿,https://www.kkday.com/zh-tw/product/126451,2450,20220308,0,"[{'id': 'A01-001-00018', 'name': '台東'}]",KKday
新竹竹北｜吉比鮮釀識酒館（GBA)｜導覽＆鮮釀啤酒試飲體驗,https://www.kkday.com/zh-tw/product/124732,200,20220310,0,"[{'id': 'A01-001-00009', 'name': '新竹'}, {'id': 'A01-001-99999', 'name': '所有城市'}]",KKday
北海岸一日遊｜淡水老街＆獅頭山公園＆燭臺雙嶼＆金山老街｜台北出發,https://www.kkday.com/zh-tw/product/126109,1500,20220310,0,"[{'id': 'A01-001-00006', 'name': '新北市'}]",KKday
宜蘭 l 南澳 由在地人帶您走【朝陽國家步道】,https://www.kkday.com/zh-tw/product/126924,120,20220307,0,"[{'id': 'A01-001-00017', 'name': '宜蘭'}]",KKday
南投｜英語遊學冬令體驗營｜遊城堡＋紙藝DIY｜台北火車站出發｜15人成行,https://www.kkday.com/zh-tw/product/125593,2299,20220312,0,"[{'id': 'A01-001-00012', 'name': '南投'}]",KKday
桃園｜Xpark 水族館電子門票＆驚喜福袋｜宅配免運,https://www.kkday.com/zh-tw/product/116236,646,20220311,4.61,"[{'id': 'A01-001-00008', 'name': '桃園'}]",KKday
宜蘭頭城｜東北角台灣好行｜壯圍沙丘線｜壯圍文青,https://www.kkday.com/zh-tw/product/122555,155,20220314,0,"[{'id': 'A01-001-00017', 'name': '宜蘭'}]",KKday
【即買即用】台北｜teamLab門票｜未來遊樂園&與花共生的動物們,https://www.kkday.com/zh-tw/product/118293,380,,4.43,"[{'id': 'A01-001-00001', 'name': '台北'}]",KKday
【限時6.3折優惠】台灣苗栗｜西湖渡假村｜童話糖果嘉年華｜雙人套票,https://www.kkday.com/zh-tw/product/115724,190,,4.37,"[{'id': 'A01-001-00010', 'name': '苗栗'}]",KKday
松菸展覽｜《湯姆貓與傑利鼠：來玩吧!! 》特展門票,https://www.kkday.com/zh-tw/product/124698,280,,4.41,"[{'id': 'A01-001-00001', 'name': '台北'}]",KKday
【高鐵票85折優惠】高鐵國旅聯票單程車票＆《teamLab未來遊樂園&與花共生的動物們》門票,https://www.kkday.com/zh-tw/product/123825,410,,5,"[{'id': 'A01-001-00001', 'name': '台北'}]",KKday
KKday獨家｜2022 經典重現梨山馬拉松&武嶺二日遊｜台中&台北出發,https://www.kkday.com/zh-tw/product/125935,6699,,0,"[{'id': 'A01-001-00002', 'name': '台中'}, {'id': 'A01-001-00001', 'name': '台北'}]",KKday
台灣台東 | 線上優惠79折 | 台東綺麗巨蛋樂園門票,https://www.kkday.com/zh-tw/product/115989,250,,4.57,"[{'id': 'A01-001-00018', 'name': '台東'}]",KKday
【KKday 優惠】台灣台南｜安平樹屋門票,https://www.kkday.com/zh-tw/product/104775,45,,4.83,"[{'id': 'A01-001-00003', 'name': '台南'}]",KKday
雲林｜劍湖山渡假大飯店住宿｜一泊一食・一泊二食,https://www.kkday.com/zh-tw/product/114000,2500,,4.54,"[{'id': 'A01-001-00013', 'name': '雲林'}]",KKday
【KKday獨家79折】teamLab未來遊樂園門票＆兒童新樂園一日樂fun券,https://www.kkday.com/zh-tw/product/118194,450,,4.61,"[{'id': 'A01-001-00001', 'name': '台北'}]",KKday
新北八斗子｜深澳鐵道自行車 Rail Bike 門票,https://www.kkday.com/zh-tw/product/27378,150,,4.53,"[{'id': 'A01-001-00006', 'name': '新北市'}]",KKday
KKday線上獨家｜高雄淨園農場門票 Jing Yuan Fam & Leisure,https://www.kkday.com/zh-tw/product/101117,250,,4.64,"[{'id': 'A01-001-00004', 'name': '高雄'}]",KKday
【74折優惠】苗栗通霄飛牛牧場｜門票＆新鮮牛乳＆白布丁,https://www.kkday.com/zh-tw/product/101808,320,,4.79,"[{'id': 'A01-001-00010', 'name': '苗栗'}]",KKday
【1元抽獎】下單抽一年份遊玩金 / 晶華酒店一晚 / 日本來回機票！,https://www.kkday.com/zh-tw/product/125842,1,,4.95,"[{'id': 'A01-001-00001', 'name': '台北'}]",KKday
專屬優惠85折起｜台東初鹿牧場半日體驗｜門票＆動物互動體驗,https://www.kkday.com/zh-tw/product/114427,300,,4.95,"[{'id': 'A01-001-00018', 'name': '台東'}]",KKday
台灣新竹｜青蛙石天空步道門票,https://www.kkday.com/zh-tw/product/101861,90,,4.55,"[{'id': 'A01-001-00009', 'name': '新竹'}]",KKday
【買一送一限量優惠】桃園台灣好行大溪快線體驗｜一日券車票｜Xpark 水族館門票／月眉單車／大溪美食,https://www.kkday.com/zh-tw/product/102962,300,,4.77,"[{'id': 'A01-001-00008', 'name': '桃園'}]",KKday
台灣南投｜清境小瑞士花園門票,https://www.kkday.com/zh-tw/product/114053,75,,4.28,"[{'id': 'A01-001-00012', 'name': '南投'}]",KKday
【早鳥買一送一】台南｜2022臺灣國際蘭展門票,https://www.kkday.com/zh-tw/product/26556,125,,4.75,"[{'id': 'A01-001-00003', 'name': '台南'}]",KKday
台灣南投｜清境小瑞士花園＋清境高空觀景步道套票,https://www.kkday.com/zh-tw/product/114059,110,,4.41,"[{'id': 'A01-001-00012', 'name': '南投'}]",KKday
台灣宜蘭｜蘭陽博物館常設展門票,https://www.kkday.com/zh-tw/product/101866,90,,4.76,"[{'id': 'A01-001-00017', 'name': '宜蘭'}]",KKday
【KKday獨家】OneOffs NFT 國際藝術博覽會,https://www.kkday.com/zh-tw/product/124523,150,,3.67,"[{'id': 'A01-001-00001', 'name': '台北'}]",KKday
台灣嘉義｜故宮南院門票＋鰲鼓溼地魚塭半日體驗,https://www.kkday.com/zh-tw/product/100520,490,,1,"[{'id': 'A01-001-00014', 'name': '嘉義'}]",KKday
台灣台南｜南瀛天文館組合3D套票,https://www.kkday.com/zh-tw/product/115400,220,,5,"[{'id': 'A01-001-00003', 'name': '台南'}]",KKday
花蓮｜新光兆豐休閒農場溫泉住宿｜小木屋含早餐＆門票｜須自行電話預約,https://www.kkday.com/zh-tw/product/103488,350,,4.11,"[{'id': 'A01-001-00005', 'name': '花蓮'}]",KKday
【台北最夯沈浸式五感體驗】明日俱樂部 CLUB Tomorrow 門票,https://www.kkday.com/zh-tw/product/37869,2000,,0,"[{'id': 'A01-001-00001', 'name': '台北'}]",KKday
宜蘭五結｜綠舞日式主題園區一日體驗,https://www.kkday.com/zh-tw/product/122035,2098,,0,"[{'id': 'A01-001-00017', 'name': '宜蘭'}]",KKday
台灣台北｜國立故宮博物院 ＋ 圓山密道美食套票,https://www.kkday.com/zh-tw/product/101987,999,,3,"[{'id': 'A01-001-00001', 'name': '台北'}]",KKday
【淡水著名旋轉式觀景設施】淡水情人塔觀景體驗門票,https://www.kkday.com/zh-tw/product/27405,130,,4.76,"[{'id': 'A01-001-00006', 'name': '新北市'}]",KKday
【贈送禮盒】南投溪頭自然教育園區門票套票,https://www.kkday.com/zh-tw/product/101934,200,,4.73,"[{'id': 'A01-001-00012', 'name': '南投'}]",KKday
臺北小巨蛋冰上樂園溜冰套票｜冰鞋＆護具＆手套,https://www.kkday.com/zh-tw/product/113897,380,,4.75,"[{'id': 'A01-001-00001', 'name': '台北'}]",KKday
台灣綠島溫泉體驗｜朝日溫泉門票｜電子入場券,https://www.kkday.com/zh-tw/product/103662,200,,4.75,"[{'id': 'A01-001-00023', 'name': '綠島'}]",KKday
【高雄藝術文化村】十鼓橋糖文創園區入場門票,https://www.kkday.com/zh-tw/product/23864,270,,4.66,"[{'id': 'A01-001-00004', 'name': '高雄'}]",KKday
【買一送一】台灣屏東｜雙流國家森林遊樂區門票｜平假日均可使用,https://www.kkday.com/zh-tw/product/100567,80,,4.9,"[{'id': 'A01-001-00015', 'name': '屏東'}]",KKday
全台唯一海陸空主題樂園｜台中麗寶樂園門票＋來回接駁專車,https://www.kkday.com/zh-tw/product/33698,400,,0,"[{'id': 'A01-001-00002', 'name': '台中'}]",KKday
【悠活日月潭海陸組合】日月潭船票＋自行車遊湖套票,https://www.kkday.com/zh-tw/product/30429,300,,4.71,"[{'id': 'A01-001-00012', 'name': '南投'}]",KKday
台北｜iPILOT 飛行體驗門票｜台北 101（需自行電話預約）,https://www.kkday.com/zh-tw/product/105682,699,,5,"[{'id': 'A01-001-00001', 'name': '台北'}]",KKday
SKI SCHOOL | 高雄滑雪學校 | 高雄飄雪樂園,https://www.kkday.com/zh-tw/product/116050,500,,5,"[{'id': 'A01-001-00004', 'name': '高雄'}]",KKday
【高鐵票 85 折優惠】高鐵國旅聯票單程車票＆阿里山森林遊樂園區交通套票,https://www.kkday.com/zh-tw/product/124185,740,,3.5,"[{'id': 'A01-001-00014', 'name': '嘉義'}]",KKday
台灣嘉義｜ 阿里山國家森林遊樂區低碳暢遊 優惠套票,https://www.kkday.com/zh-tw/product/102882,400,,4.83,"[{'id': 'A01-001-00014', 'name': '嘉義'}]",KKday
【買一送一限量優惠】桃園台灣好行藍色公路體驗｜石門水庫線一日券／小烏來線一日券＋遊艇船票,https://www.kkday.com/zh-tw/product/27773,420,,4.07,"[{'id': 'A01-001-00008', 'name': '桃園'}]",KKday
日月潭忘憂組合｜日月潭遊湖船票＋纜車套票,https://www.kkday.com/zh-tw/product/30430,450,,4.81,"[{'id': 'A01-001-00012', 'name': '南投'}]",KKday
台灣新北｜淡水—八里來回船票+淡水—漁人碼頭來回船票+情人塔觀景台組合套票,https://www.kkday.com/zh-tw/product/104813,360,,0,"[{'id': 'A01-001-00006', 'name': '新北市'}]",KKday
台灣台北 | 臺北小巨蛋冰上樂園＆再春健康生活舘套票,https://www.kkday.com/zh-tw/product/115449,939,,0,"[{'id': 'A01-001-00001', 'name': '台北'}]",KKday
【外國人限定電子票】南投清境農場青青草原＋小瑞士花園超值入園門票,https://www.kkday.com/zh-tw/product/26558,350,,4.23,"[{'id': 'A01-001-00012', 'name': '南投'}]",KKday
高雄好玩卡 Taiwan Pass｜高雄輕軌輕旅行一日遊好玩卡景點套票｜高雄捷運領取,https://www.kkday.com/zh-tw/product/39633,320,,0,"[{'id': 'A01-001-00004', 'name': '高雄'}]",KKday
台北 LGBT 彩虹友善酒吧 | Ｗonder Bar & Lounge 告別單身趴 | 單身聯誼入場券,https://www.kkday.com/zh-tw/product/113795,700,,1.5,"[{'id': 'A01-001-00001', 'name': '台北'}]",KKday
【2022 台北跨年】101觀景台跨年煙火｜天際煙火趣跨年套票,https://www.kkday.com/zh-tw/product/123700,600,,4,"[{'id': 'A01-001-00001', 'name': '台北'}]",KKday
【日月潭海陸空三合一】日月潭船票＋纜車＋自行車套票,https://www.kkday.com/zh-tw/product/30431,730,,4.61,"[{'id': 'A01-001-00012', 'name': '南投'}]",KKday
【KKday獨家】和平島公園｜換換氣－來一場逃避現實的小島之旅,https://www.kkday.com/zh-tw/product/121906,776,,3.17,"[{'id': 'A01-001-00026', 'name': '基隆'}]",KKday
【獨家限定】微醺台北雙層觀光巴士｜金色三麥啤酒・101觀景台門票,https://www.kkday.com/zh-tw/product/114346,299,,4.79,"[{'id': 'A01-001-00001', 'name': '台北'}]",KKday
十鼓擊樂團 祈天鼓動｜台南十鼓仁糖文創園區｜夢糖劇場 隆重登場,https://www.kkday.com/zh-tw/product/125625,250,,0,"[{'id': 'A01-001-00003', 'name': '台南'}]",KKday
【2021繡球花季】陽明山花季｜高家繡球花田門票,https://www.kkday.com/zh-tw/product/39519,100,,4.87,"[{'id': 'A01-001-00001', 'name': '台北'}]",KKday
雙層觀光巴士｜北海岸&淺水灣海上觀景平台-觀海之旅｜台北車站&淡水站出發｜兩人成行,https://www.kkday.com/zh-tw/product/123505,499,,0,"[{'id': 'A01-001-00006', 'name': '新北市'}]",KKday
台灣台中｜熊星氣墊樂園門票｜全台巡迴展,https://www.kkday.com/zh-tw/product/115192,499,,4.5,"[{'id': 'A01-001-00002', 'name': '台中'}]",KKday
台灣台北｜士林官邸正館門票,https://www.kkday.com/zh-tw/product/113867,95,,0,"[{'id': 'A01-001-00001', 'name': '台北'}]",KKday
台灣南投｜青青草原+清境高空步道｜外國人限定電子票,https://www.kkday.com/zh-tw/product/100605,200,,0,"[{'id': 'A01-001-00012', 'name': '南投'}]",KKday
高雄｜宮賞藝術飯店主題房＋暢玩鈴鹿賽道樂園｜親子住宿,https://www.kkday.com/zh-tw/product/18958,3580,,4.5,"[{'id': 'A01-001-00004', 'name': '高雄'}]",KKday
【兒童免費】台北北投文物館門票｜票價・開放時間・交通資訊,https://www.kkday.com/zh-tw/product/101964,120,,3.67,"[{'id': 'A01-001-00001', 'name': '台北'}]",KKday
台南新市｜國立臺灣史前文化博物館南科考古館門票,https://www.kkday.com/zh-tw/product/100547,80,,4.33,"[{'id': 'A01-001-00003', 'name': '台南'}]",KKday
【9折優惠】台中包車旅遊 | 精選人氣親子景點,https://www.kkday.com/zh-tw/product/114479,2900,,0,"[{'id': 'A01-001-00002', 'name': '台中'}]",KKday
【台灣景點套票】北北基好玩卡 - 景點暢遊版 （台北車站 / 松山機場領取）,https://www.kkday.com/zh-tw/product/34766,650,,1,"[{'id': 'A01-001-00001', 'name': '台北'}]",KKday
台灣台北｜石尚自然史博物館 ｜古生物導覽+挖掘體驗,https://www.kkday.com/zh-tw/product/116868,588,,5,"[{'id': 'A01-001-00006', 'name': '新北市'}]",KKday
台灣嘉義｜板陶窯入園門票（優惠抵用）,https://www.kkday.com/zh-tw/product/114010,90,,4,"[{'id': 'A01-001-00014', 'name': '嘉義'}]",KKday
台灣彰化｜水銡利觀光工廠門票・水龍頭 DIY、7D 電影院體驗,https://www.kkday.com/zh-tw/product/36466,140,,5,"[{'id': 'A01-001-00011', 'name': '彰化'}]",KKday
台北｜TOMICA小汽車 50 週年博覽會門票,https://www.kkday.com/zh-tw/product/104214,280,,4.5,"[{'id': 'A01-001-00001', 'name': '台北'}]",KKday
【專業錄音室體驗】時光聲音-留下你最重要的回憶｜單曲錄製體驗 | 台北大安,https://www.kkday.com/zh-tw/product/119913,2999,,5,"[{'id': 'A01-001-00001', 'name': '台北'}]",KKday
台灣台南｜ 2020關子嶺溫泉美食節套票,https://www.kkday.com/zh-tw/product/102692,500,,3.27,"[{'id': 'A01-001-00003', 'name': '台南'}]",KKday
單車活動｜2021 一日北高、一日雙塔包車接駁服務,https://www.kkday.com/zh-tw/product/122522,1850,,5,"[{'id': 'A01-001-00006', 'name': '新北市'}]",KKday
【限量 1 元】台北展覽｜刀劍神域特展2022｜1元玩家好禮券,https://www.kkday.com/zh-tw/product/125967,1,,3.88,"[{'id': 'A01-001-00001', 'name': '台北'}]",KKday
台灣台北 | 內湖草莓園 | 野草花果有機農場 x 馬丁農夫 | 電子觀光入園券,https://www.kkday.com/zh-tw/product/116532,50,,0,"[{'id': 'A01-001-00001', 'name': '台北'}]",KKday
【線上優惠】新北板橋｜奧斯丁夢想樂園門票套票,https://www.kkday.com/zh-tw/product/119071,530,,4.75,"[{'id': 'A01-001-00006', 'name': '新北市'}]",KKday
【外國人限定電子票】南投清境農場青青草原入園門票,https://www.kkday.com/zh-tw/product/26516,160,,4.66,"[{'id': 'A01-001-00012', 'name': '南投'}]",KKday
台中麗寶樂園 | 交通接駁車接送 | 台北出發,https://www.kkday.com/zh-tw/product/102946,600,,0,"[{'id': 'A01-001-00002', 'name': '台中'}]",KKday
內灣景點主題套票｜薰衣草森林、青蛙石天空步道、內灣商圈消費券,https://www.kkday.com/zh-tw/product/101833,299,,4,"[{'id': 'A01-001-00009', 'name': '新竹'}]",KKday
台灣桃園｜桃園揪搭興｜茶香時光-大溪老茶廠套票,https://www.kkday.com/zh-tw/product/102517,319,,0,"[{'id': 'A01-001-00008', 'name': '桃園'}]",KKday
【線上獨家76折】台南蘭都觀光工廠 DIY 體驗｜保養品觀光工廠,https://www.kkday.com/zh-tw/product/122841,190,,0,"[{'id': 'A01-001-00003', 'name': '台南'}]",KKday
【線上獨家95折】基隆海科館「海科把你冰起來」特展｜單人＆四人入園門票,https://www.kkday.com/zh-tw/product/123989,180,,1,"[{'id': 'A01-001-00026', 'name': '基隆'}]",KKday
北捷輕鬆遊｜台北動物園＆貓空纜車＆四哥的店餐飲券＆自來水博物館｜台北出發,https://www.kkday.com/zh-tw/product/103467,550,,0,"[{'id': 'A01-001-00001', 'name': '台北'}]",KKday
台灣台北｜自來水園區門票＆動物園＆貓空纜車雙程套票,https://www.kkday.com/zh-tw/product/102702,280,,5,"[{'id': 'A01-001-00001', 'name': '台北'}]",KKday
台灣台南｜馬沙溝海洋休閒運動渡假中心套票,https://www.kkday.com/zh-tw/product/102179,450,,4.67,"[{'id': 'A01-001-00003', 'name': '台南'}]",KKday
台灣新竹 | Escapeholics 新竹最好玩的室內遊樂場｜ 密室逃脫,https://www.kkday.com/zh-tw/product/102593,450,,0,"[{'id': 'A01-001-00009', 'name': '新竹'}]",KKday
【78折優惠】高雄前鎮｜萌萌豬兒童樂園｜極限挑戰王 怪獸森林主題氣墊樂園   入場門票,https://www.kkday.com/zh-tw/product/118916,180,,5,"[{'id': 'A01-001-00004', 'name': '高雄'}]",KKday
【限量優惠】台灣台南 | 台南萬國通路創意觀光工廠 | DIY存錢筒套票,https://www.kkday.com/zh-tw/product/113821,340,,0,"[{'id': 'A01-001-00003', 'name': '台南'}]",KKday
台灣嘉義｜阿里山國家森林遊樂區全票,https://www.kkday.com/zh-tw/product/102661,215,,4.88,"[{'id': 'A01-001-00014', 'name': '嘉義'}]",KKday
【Live Music】China Pa 中國父音樂餐廳｜台灣功夫料理,https://www.kkday.com/zh-tw/product/37560,720,,5,"[{'id': 'A01-001-00001', 'name': '台北'}]",KKday
【KKday 線上9折優惠】台灣台南｜1661臺灣船園區門票,https://www.kkday.com/zh-tw/product/104776,27,,4.9,"[{'id': 'A01-001-00003', 'name': '台南'}]",KKday
【今秋最鬆】2019 LUCfest 貴人散步音樂節,https://www.kkday.com/zh-tw/product/28657,900,,4.14,"[{'id': 'A01-001-00003', 'name': '台南'}]",KKday
台東兩天一夜自由行｜入住台東桂田喜來登酒店,https://www.kkday.com/zh-tw/product/100300,6500,,0,"[{'id': 'A01-001-00018', 'name': '台東'}]",KKday
南投中台世界博物館門票 Chung Tai World Museum,https://www.kkday.com/zh-tw/product/100535,160,,5,"[{'id': 'A01-001-00012', 'name': '南投'}]",KKday
KKday 獨家｜新竹街口攻城獅｜2022 小獅子籃球冬令營,https://www.kkday.com/zh-tw/product/124601,9600,,5,"[{'id': 'A01-001-00009', 'name': '新竹'}]",KKday
【57折優惠】台灣桃園｜金格觀光工廠 - 卡司・蒂菈樂園｜門票＆DIY體驗｜贈伴手禮,https://www.kkday.com/zh-tw/product/122719,550,,2.5,"[{'id': 'A01-001-00008', 'name': '桃園'}]",KKday
台灣台北｜袖珍博物館 ＋ 美麗華百樂園摩天輪套票,https://www.kkday.com/zh-tw/product/114093,260,,4.9,"[{'id': 'A01-001-00001', 'name': '台北'}]",KKday
台灣南投｜Cona's妮娜巧克力夢想城堡＋日月潭纜車電子套票（贈日月潭遊湖船一日券),https://www.kkday.com/zh-tw/product/114124,540,,4.88,"[{'id': 'A01-001-00012', 'name': '南投'}]",KKday
台灣嘉義｜美景+美食強強聯票｜阿里山國家森林遊樂區全票＋經典必吃美食,https://www.kkday.com/zh-tw/product/102869,399,,4.29,"[{'id': 'A01-001-00014', 'name': '嘉義'}]",KKday
台灣台南｜台灣好行｜山博行線景點暢遊PASS,https://www.kkday.com/zh-tw/product/115535,100,,5,"[{'id': 'A01-001-00003', 'name': '台南'}]",KKday
台灣宜蘭｜宜蘭傳統藝術中心－青春照相館民初復古服飾體驗,https://www.kkday.com/zh-tw/product/100037,999,,0,"[{'id': 'A01-001-00017', 'name': '宜蘭'}, {'id': 'A01-001-00001', 'name': '台北'}]",KKday
單車旅遊82折｜深旅騎行太魯閣峽谷一日遊｜台北出發,https://www.kkday.com/zh-tw/product/105869,3288,,0,"[{'id': 'A01-001-00001', 'name': '台北'}]",KKday
高雄好玩卡 Taiwan Pass | 高雄輕軌周遊二日券好玩卡景點套票｜QR Code,https://www.kkday.com/zh-tw/product/101756,990,,4.89,"[{'id': 'A01-001-00004', 'name': '高雄'}]",KKday
北捷輕鬆遊｜圓山飯店密道探險＆國立故宮博物院＆北投溫泉知性之旅,https://www.kkday.com/zh-tw/product/103473,1519,,0,"[{'id': 'A01-001-00001', 'name': '台北'}]",KKday
【新竹北埔茶文化】佐京茶陶｜慢活三合院精緻茶席體驗,https://www.kkday.com/zh-tw/product/36278,1000,,0,"[{'id': 'A01-001-00009', 'name': '新竹'}]",KKday
台灣高雄｜科學工藝博物館常設展＆高雄捷運套票,https://www.kkday.com/zh-tw/product/102550,190,,0,"[{'id': 'A01-001-00004', 'name': '高雄'}]",KKday
台北｜粽邪怨靈鬼屋-儀式開始，生人勿近展覽門票,https://www.kkday.com/zh-tw/product/119082,300,,0,"[{'id': 'A01-001-00001', 'name': '台北'}]",KKday
台灣台北｜國立故宮博物院 ＋ 袖珍博物館套票,https://www.kkday.com/zh-tw/product/102010,280,,5,"[{'id': 'A01-001-00001', 'name': '台北'}]",KKday
台灣台北｜國立故宮博物院 × 美麗華百樂園摩天輪聯票,https://www.kkday.com/zh-tw/product/101931,280,,4.67,"[{'id': 'A01-001-00001', 'name': '台北'}]",KKday
KKday  獨家｜ 台灣嘉義｜富邦悍將春訓限定｜『悍將抵嘉』,https://www.kkday.com/zh-tw/product/115106,2998,,4.67,"[{'id': 'A01-001-00014', 'name': '嘉義'}]",KKday
北捷輕鬆遊｜博物館＆小巨蛋＆饒河夜市＆101觀景台一日遊,https://www.kkday.com/zh-tw/product/103482,820,,0,"[{'id': 'A01-001-00001', 'name': '台北'}]",KKday
台北大直 | EnterSpace 密室逃脫 包場門票,https://www.kkday.com/zh-tw/product/39556,600,,0,"[{'id': 'A01-001-00001', 'name': '台北'}]",KKday
【獨家優惠85折】台北公館｜洛德城堡水上樂園門票（全票＆學生票＆兒童票）,https://www.kkday.com/zh-tw/product/116966,299,,0,"[{'id': 'A01-001-00001', 'name': '台北'}]",KKday
【展期最後一天・即買即用】台北｜2021 ITF台北國際旅展門票,https://www.kkday.com/zh-tw/product/122638,200,,4.75,"[{'id': 'A01-001-00001', 'name': '台北'}]",KKday
【買一送一限量優惠】桃園台灣好行石門水庫線體驗｜一日券車票｜棒球名人堂抵用券／龍潭腳踏船＆下午茶,https://www.kkday.com/zh-tw/product/101389,320,,4.13,"[{'id': 'A01-001-00008', 'name': '桃園'}]",KKday
【88折優惠】桃園祥儀機器人夢工廠門票,https://www.kkday.com/zh-tw/product/113959,220,,3.6,"[{'id': 'A01-001-00008', 'name': '桃園'}]",KKday
台灣屏東｜E+Bike台灣最美海岸線 - 旭海｜捷安特旅行社單車旅遊,https://www.kkday.com/zh-tw/product/125413,15800,,0,"[{'id': 'A01-001-00015', 'name': '屏東'}]",KKday
台中麗寶國際賽車場｜第二屆麗寶賽道嘉年華看台區｜門票,https://www.kkday.com/zh-tw/product/123219,350,,4.17,"[{'id': 'A01-001-00002', 'name': '台中'}]",KKday
高雄好玩卡 Taiwan Pass | 高雄輕軌周遊二日券好玩卡景點套票｜高雄捷運領取,https://www.kkday.com/zh-tw/product/38512,990,,1,"[{'id': 'A01-001-00004', 'name': '高雄'}]",KKday
台東 | 熱氣球嘉年華 | VIP 區包車接駁 | 市區鹿野高台往返,https://www.kkday.com/zh-tw/product/119614,600,,0,"[{'id': 'A01-001-00018', 'name': '台東'}]",KKday
高雄好玩卡 Taiwan Pass | 旗津踩風二日好玩卡景點套票｜高雄捷運領取,https://www.kkday.com/zh-tw/product/39631,399,,0,"[{'id': 'A01-001-00004', 'name': '高雄'}]",KKday
【台北知性之旅】國立臺灣博物館＋袖珍博物館＋台北當代藝術館聯票,https://www.kkday.com/zh-tw/product/35634,280,,5,"[{'id': 'A01-001-00001', 'name': '台北'}]",KKday
【台灣景點套票】南投好玩卡 Nantou Fun Pass（外國人限定）,https://www.kkday.com/zh-tw/product/32289,899,,3,"[{'id': 'A01-001-00012', 'name': '南投'}]",KKday
台北展覽｜蕩寇誌之終極英雄｜全台首創劇場表演轉譯為虛實影像全沉浸體驗展,https://www.kkday.com/zh-tw/product/125130,290,,0,"[{'id': 'A01-001-00001', 'name': '台北'}]",KKday
期間限定優惠｜台灣高雄｜親子體驗｜紅頂穀創穀物文創樂園雙人體驗套票,https://www.kkday.com/zh-tw/product/114664,310,,0,"[{'id': 'A01-001-00004', 'name': '高雄'}]",KKday
【雙11限時優惠】台灣台中｜麗寶樂園渡假區探索世界一日票＋漢堡王勁濃安格斯牛肉堡套餐雙人組,https://www.kkday.com/zh-tw/product/104378,1311,,0,"[{'id': 'A01-001-00002', 'name': '台中'}]",KKday
台灣屏東 | 可茵山可可莊園半日遊 | 巧克力DIY ＋手作香皂 ＋特色巧克力火鍋,https://www.kkday.com/zh-tw/product/103495,1100,,0,"[{'id': 'A01-001-00015', 'name': '屏東'}]",KKday
台灣基隆｜基隆小鎮散步漫遊｜北北基好玩卡交通票卡、樂品喜塘午茶套餐兌換券、和平島門票兌換券,https://www.kkday.com/zh-tw/product/102850,399,,0,"[{'id': 'A01-001-00026', 'name': '基隆'}]",KKday
台灣台北｜自來水園區門票＆貓空纜車雙程套票,https://www.kkday.com/zh-tw/product/102682,160,,4,"[{'id': 'A01-001-00001', 'name': '台北'}]",KKday
台灣台北｜臺北戲棚傳統藝術表演門票,https://www.kkday.com/zh-tw/product/18141,470,,4.67,"[{'id': 'A01-001-00001', 'name': '台北'}]",KKday
台灣高雄｜駁二VR體驗套票,https://www.kkday.com/zh-tw/product/102516,427,,0,"[{'id': 'A01-001-00004', 'name': '高雄'}]",KKday
高雄好玩卡 Taiwan Pass｜陸海空好玩卡景點套票｜高雄捷運領取,https://www.kkday.com/zh-tw/product/39588,599,,0,"[{'id': 'A01-001-00004', 'name': '高雄'}]",KKday
台灣｜南屯｜飛行模擬機體驗,https://www.kkday.com/zh-tw/product/101312,1500,,0,"[{'id': 'A01-001-00012', 'name': '南投'}]",KKday
台灣台北｜自來水園區門票＆動物園套票,https://www.kkday.com/zh-tw/product/102659,100,,0,"[{'id': 'A01-001-00001', 'name': '台北'}]",KKday
小資旅遊推薦｜台中落羽松一日遊／二日遊｜泰安落雨松＆宮原眼科＆彩虹眷村｜入住台北喜來登／天成文旅華山町｜台北出發,https://www.kkday.com/zh-tw/product/105443,999,,5,"[{'id': 'A01-001-00002', 'name': '台中'}]",KKday
台灣宜蘭｜悠遊東北角｜巴士、蘭陽博物館套票,https://www.kkday.com/zh-tw/product/101828,155,,0,"[{'id': 'A01-001-00017', 'name': '宜蘭'}]",KKday
高雄好玩卡 Taiwan Pass｜訪河遊港一日遊好玩卡景點套票｜高雄捷運領取,https://www.kkday.com/zh-tw/product/39587,299,,0,"[{'id': 'A01-001-00004', 'name': '高雄'}]",KKday
台北華山文創園區｜聲音的建築展門票,https://www.kkday.com/zh-tw/product/115281,350,,4.38,"[{'id': 'A01-001-00001', 'name': '台北'}]",KKday
台北｜冰雪奇緣夢幻特展門票,https://www.kkday.com/zh-tw/product/103876,350,,4.43,"[{'id': 'A01-001-00001', 'name': '台北'}]",KKday
KKday 獨家｜新竹街口攻城獅｜2021 小獅子籃球夏令營,https://www.kkday.com/zh-tw/product/119229,12000,,0,"[{'id': 'A01-001-00009', 'name': '新竹'}]",KKday
國人限定 | 國立故宮博物院 × 臺北市立動物園聯票,https://www.kkday.com/zh-tw/product/101873,195,,5,"[{'id': 'A01-001-00001', 'name': '台北'}]",KKday
台灣台東｜海邊舟舟 SUP立槳 & 獨木舟太平洋親水體驗｜台東石雨傘,https://www.kkday.com/zh-tw/product/116676,1880,,5,"[{'id': 'A01-001-00018', 'name': '台東'}]",KKday
KKday獨家｜順益台灣美術館｜電子憑證兌換,https://www.kkday.com/zh-tw/product/122985,100,,4,"[{'id': 'A01-001-00001', 'name': '台北'}]",KKday
【2021 熱氣球嘉年華】台東市區 - 鹿野高台來回共乘接駁｜限時優惠,https://www.kkday.com/zh-tw/product/116304,800,,0,"[{'id': 'A01-001-00018', 'name': '台東'}]",KKday
高雄好玩卡 Taiwan Pass｜蓮潭好玩卡一日遊景點套票｜QR Code,https://www.kkday.com/zh-tw/product/102107,399,,0,"[{'id': 'A01-001-00004', 'name': '高雄'}]",KKday
高雄好玩卡 Taiwan Pass｜蓮潭好玩卡一日遊景點套票｜高雄捷運領取,https://www.kkday.com/zh-tw/product/39584,399,,0,"[{'id': 'A01-001-00004', 'name': '高雄'}]",KKday
單車輕旅行｜雲嘉南濱海小鎮自行車慢遊｜騎趣馬沙溝半日遊,https://www.kkday.com/zh-tw/product/119701,888,,0,"[{'id': 'A01-001-00003', 'name': '台南'}]",KKday
台東一日遊｜2021 熱氣球嘉年華、初鹿休閒農業區／電光部落／南迴部落路線三選一,https://www.kkday.com/zh-tw/product/119208,2380,,0,"[{'id': 'A01-001-00018', 'name': '台東'}]",KKday
台灣宜蘭｜耕牛做朋友｜動物親近體驗套票,https://www.kkday.com/zh-tw/product/116650,150,,0,"[{'id': 'A01-001-00017', 'name': '宜蘭'}]",KKday
台灣台北｜2020 天母搞什麼鬼・搗蛋巡迴巴士＆萬聖節快閃親子一日遊,https://www.kkday.com/zh-tw/product/104512,990,,0,"[{'id': 'A01-001-00001', 'name': '台北'}]",KKday
北捷輕鬆遊｜紀州庵文學森林＆台北清真寺＆永康商圈＆大稻埕文化之旅,https://www.kkday.com/zh-tw/product/103485,690,,0,"[{'id': 'A01-001-00001', 'name': '台北'}]",KKday
台灣基隆｜奇基饗食享樂｜北北基好玩卡交通票卡、連珍糕餅店、找到幸福咖啡店、漁品軒套票,https://www.kkday.com/zh-tw/product/102854,499,,0,"[{'id': 'A01-001-00026', 'name': '基隆'}]",KKday
台灣高雄｜駁二全體驗套票,https://www.kkday.com/zh-tw/product/102542,780,,0,"[{'id': 'A01-001-00004', 'name': '高雄'}]",KKday
台灣桃園｜桃園揪搭興｜文藝溪客-達文西瓜藝文館套票,https://www.kkday.com/zh-tw/product/102405,319,,0,"[{'id': 'A01-001-00008', 'name': '桃園'}]",KKday
台灣台北二日遊｜自來水博物館＆大稻埕＆鐵道博物館＆赤峰街&台北老爺大酒店｜台北出發,https://www.kkday.com/zh-tw/product/101982,2690,,0,"[{'id': 'A01-001-00001', 'name': '台北'}]",KKday
台灣台北｜朱銘美術館＋淡水商圈消費券套票,https://www.kkday.com/zh-tw/product/101967,350,,0,"[{'id': 'A01-001-00006', 'name': '新北市'}]",KKday
高雄好玩卡 Taiwan Pass ｜台灣好行 雄愛旺來好玩卡B方案景點套票｜高雄捷運領取,https://www.kkday.com/zh-tw/product/39630,299,,0,"[{'id': 'A01-001-00004', 'name': '高雄'}]",KKday
高雄好玩卡 Taiwan Pass ｜台灣好行 雄愛旺來好玩卡A方案景點套票｜高雄捷運領取,https://www.kkday.com/zh-tw/product/39546,375,,0,"[{'id': 'A01-001-00004', 'name': '高雄'}]",KKday
【台北故宮深度導覽】國家寶藏與歷史文化之旅,https://www.kkday.com/zh-tw/product/34321,5500,,0,"[{'id': 'A01-001-00001', 'name': '台北'}]",KKday
台灣台北市 | 北科大 x 閱野 | 2021 國小生科技 x 創意夏令營,https://www.kkday.com/zh-tw/product/119161,8800,,0,"[{'id': 'A01-001-00001', 'name': '台北'}]",KKday
"【限時優惠76折】E7PLAY 一票玩到底｜室內運動遊樂空間入場券｜三重館 , 新莊館 , 高雄館皆適用",https://www.kkday.com/zh-tw/product/124614,209,,4.8,"[{'id': 'A01-001-00001', 'name': '台北'}, {'id': 'A01-001-00004', 'name': '高雄'}, {'id': 'A01-001-00006', 'name': '新北市'}]",KKday
台灣新北｜和平島公園 + 野柳地質公園套票,https://www.kkday.com/zh-tw/product/114045,150,,0,"[{'id': 'A01-001-00026', 'name': '基隆'}, {'id': 'A01-001-00006', 'name': '新北市'}]",KKday
阿里山一日遊｜阿里山森林遊樂區＆阿里山小火車｜台中出發,https://www.kkday.com/zh-tw/product/2844,1600,,4.56,"[{'id': 'A01-001-00002', 'name': '台中'}, {'id': 'A01-001-00014', 'name': '嘉義'}]",KKday
台灣｜貝兒絲親子主題樂園｜平日 3 小時遊園券,https://www.kkday.com/zh-tw/product/124067,199,,0,"[{'id': 'A01-001-00006', 'name': '新北市'}, {'id': 'A01-001-00008', 'name': '桃園'}, {'id': 'A01-001-00002', 'name': '台中'}, {'id': 'A01-001-00004', 'name': '高雄'}]",KKday
台灣台北｜國立故宮博物院 × 順益台灣原住民博物館雙館聯票,https://www.kkday.com/zh-tw/product/100510,400,,0,"[{'id': 'A01-001-00001', 'name': '台北'}, {'id': 'A01-001-00014', 'name': '嘉義'}]",KKday
【2021 春節限定】花蓮迎新春3日 | 2021太平洋燈節&太魯閣&海洋公園&慶修院&秧悅美地度假趣 | 火車出遊,https://www.kkday.com/zh-tw/product/115164,300,,0,"[{'id': 'A01-001-00001', 'name': '台北'}, {'id': 'A01-001-00005', 'name': '花蓮'}]",KKday
花蓮部落兩天一夜｜巴歌浪祭典＆赤柯金針山＆織羅部落＆項鍊工作室｜台北車站出發,https://www.kkday.com/zh-tw/product/102072,8500,,0,"[{'id': 'A01-001-00001', 'name': '台北'}, {'id': 'A01-001-00005', 'name': '花蓮'}]",KKday
台灣 | 大魯閣・棒壘球打擊場 15 枚代幣兌換券,https://www.kkday.com/zh-tw/product/102015,480,,4.5,"[{'id': 'A01-001-00006', 'name': '新北市'}, {'id': 'A01-001-00008', 'name': '桃園'}, {'id': 'A01-001-00009', 'name': '新竹'}, {'id': 'A01-001-00002', 'name': '台中'}, {'id': 'A01-001-00003', 'name': '台南'}, {'id': 'A01-001-00004', 'name': '高雄'}]",KKday
【THE CON 2021】 PARK JIHOON —박지훈의 메이시 Poetic Time of MAY｜朴志訓個人線上演唱會,https://www.kkday.com/zh-tw/product/123631,788,,4.75,"[{'id': 'A01-001-99999', 'name': '所有城市'}, {'id': 'A01-003-99999', 'name': '所有城市'}, {'id': 'A01-004-99999', 'name': '所有城市'}]",KKday
【少量名額釋出】台中優勝家®｜2022兒童冬令營｜樂高X機器人X程式設計冠軍體驗營,https://www.kkday.com/zh-tw/product/125634,1700,,0,"[{'id': 'A01-001-00002', 'name': '台中'}]",KKday
★苗栗★【炮仗花瀑布】｜【苗栗客家圓樓】｜【後龍半天寮休閒文化園區】｜【過港黃金隧道】,https://www.kkday.com/zh-tw/product/126088,567,,0,"[{'id': 'A01-001-00010', 'name': '苗栗'}]",KKday
嘉義｜阿里山太平雲梯＆檜意森活村＆新港板陶窯兩天一夜｜台北火車站出發｜20人成行,https://www.kkday.com/zh-tw/product/124041,3799,,0,"[{'id': 'A01-001-00014', 'name': '嘉義'}]",KKday
【期間限定】高雄好玩卡 Taiwan Pass｜酷遊高雄24小時景點票券｜高雄捷運領取,https://www.kkday.com/zh-tw/product/100893,70,,4.86,"[{'id': 'A01-001-00004', 'name': '高雄'}]",KKday
【KKday獨家優惠套票】2022青洲灣派對｜冬日暖心音樂節 & 專屬濱海包廂含聯名套餐 & 市集抵用券加贈聯名紀念品,https://www.kkday.com/zh-tw/product/123962,400,,2.43,"[{'id': 'A01-001-00015', 'name': '屏東'}]",KKday
單車旅遊｜秋遊金門單車騎旅三日遊,https://www.kkday.com/zh-tw/product/104209,14800,,0,"[{'id': 'A01-001-00020', 'name': '金門'}]",KKday
